po_id,vendor_id,order_date,item_category,quantity,unit_price,po_amount,region,department
PO00001,V008,2025-10-13,Packaging,347,275.57,95622.79,East,HR
PO00002,V005,2026-04-30,MRO Parts,129,417.69,53882.01,North,R&D
PO00003,V014,2025-07-14,Consulting,53,91.04,4825.12,North,Finance
PO00004,V012,2026-03-10,MRO Parts,215,266.84,57370.6,North,Facilities
PO00005,V002,2025-04-11,Consulting,36,236.25,8505.0,North,Operations
PO00006,V004,2025-09-12,Consulting,103,135.35,13941.05,West,Finance
PO00007,V005,2026-03-09,MRO Parts,98,177.31,17376.38,North,IT
PO00008,V003,2026-03-30,Raw Materials,418,454.14,189830.52,South,HR
PO00009,V004,2025-02-21,Consulting,338,519.66,175645.08,West,R&D
PO00010,V001,2025-04-06,Raw Materials,479,402.94,193008.26,East,IT
PO00011,V006,2026-02-21,Office Supplies,253,273.65,69233.45,East,R&D
PO00012,V013,2025-03-02,IT Equipment,89,225.01,20025.89,East,Finance
PO00013,V009,2026-04-11,Packaging,151,245.93,37135.43,North,Facilities
PO00014,V018,2026-05-14,Packaging,84,135.2,11356.8,East,IT
PO00015,V002,2026-07-10,Consulting,36,400.29,14410.44,North,Manufacturing
PO00016,V002,2026-05-04,Consulting,262,481.71,126208.02,North,HR
PO00017,V006,2025-02-28,Office Supplies,496,286.22,141965.12,East,R&D
PO00018,V006,2025-03-12,Office Supplies,309,77.28,23879.52,East,R&D
PO00019,V008,2026-02-18,Packaging,66,492.26,32489.16,East,HR
PO00020,V008,2025-02-10,Packaging,322,83.94,27028.68,East,Facilities
PO00021,V019,2026-06-20,IT Equipment,166,488.99,81172.34,East,IT
PO00022,V022,2025-11-18,Consulting,127,171.17,21738.59,South,IT
PO00023,V022,2025-11-04,Consulting,239,195.18,46648.02,South,R&D
PO00024,V003,2025-01-10,Raw Materials,239,340.05,81271.95,South,HR
PO00025,V004,2025-03-17,Consulting,280,146.25,40950.0,West,Operations
PO00026,V005,2025-12-24,MRO Parts,456,77.68,35422.08,North,IT
PO00027,V012,2025-10-19,MRO Parts,85,253.14,21516.9,North,HR
PO00028,V023,2025-11-06,Logistics,318,512.33,162920.94,West,R&D
PO00029,V021,2026-06-26,IT Equipment,9,362.24,3260.16,West,HR
PO00030,V010,2025-04-17,MRO Parts,485,462.11,224123.35,East,Operations
PO00031,V004,2025-04-20,Consulting,385,307.78,118495.3,West,Operations
PO00032,V010,2025-08-04,MRO Parts,372,207.87,77327.64,East,Facilities
PO00033,V021,2025-09-28,IT Equipment,263,277.05,72864.15,West,R&D
PO00034,V002,2025-04-05,Consulting,329,246.2,80999.8,North,Operations
PO00035,V002,2025-01-04,Consulting,175,411.28,71974.0,North,Facilities
PO00036,V009,2025-06-15,Packaging,384,254.87,97870.08,North,Facilities
PO00037,V014,2026-07-29,Consulting,9,98.14,883.26,North,Facilities
PO00038,V005,2026-07-13,MRO Parts,23,441.43,10152.89,North,HR
PO00039,V018,2025-06-01,Packaging,225,105.54,23746.5,East,Operations
PO00040,V012,2025-02-10,MRO Parts,465,214.96,99956.4,North,Facilities
PO00041,V008,2025-04-16,Packaging,186,415.56,77294.16,East,R&D
PO00042,V014,2025-06-08,Consulting,478,486.69,232637.82,North,R&D
PO00043,V006,2025-07-01,Office Supplies,456,240.84,109823.04,East,IT
PO00044,V024,2025-12-07,Packaging,405,487.14,197291.7,North,R&D
PO00045,V022,2025-09-12,Consulting,141,120.62,17007.42,South,Facilities
PO00046,V004,2026-01-27,Consulting,451,63.39,28588.89,West,Finance
PO00047,V008,2025-07-24,Packaging,423,481.26,203572.98,East,Operations
PO00048,V010,2025-08-22,MRO Parts,119,56.24,6692.56,East,IT
PO00049,V013,2025-12-03,IT Equipment,147,455.57,66968.79,East,R&D
PO00050,V009,2025-12-26,Packaging,333,286.97,95561.01,North,Facilities
PO00051,V018,2025-12-06,Packaging,485,58.11,28183.35,East,Operations
PO00052,V006,2025-09-29,Office Supplies,24,96.49,2315.76,East,Finance
PO00053,V012,2025-11-18,MRO Parts,228,332.95,75912.6,North,HR
PO00054,V004,2026-01-30,Consulting,465,318.88,148279.2,West,Operations
PO00055,V002,2026-03-23,Consulting,5,291.96,1459.8,North,R&D
PO00056,V018,2025-07-21,Packaging,191,249.87,47725.17,East,Facilities
PO00057,V011,2025-11-18,Raw Materials,344,447.81,154046.64,South,Facilities
PO00058,V010,2026-06-04,MRO Parts,163,361.77,58968.51,East,Operations
PO00059,V013,2025-10-30,IT Equipment,288,105.46,30372.48,East,Finance
PO00060,V022,2026-01-24,Consulting,351,400.36,140526.36,South,IT
PO00061,V020,2025-11-05,Consulting,212,305.27,64717.24,West,Manufacturing
PO00062,V010,2025-10-21,MRO Parts,112,249.2,27910.4,East,HR
PO00063,V020,2025-11-26,Consulting,243,254.85,61928.55,West,Facilities
PO00064,V007,2026-06-08,Raw Materials,247,422.02,104238.94,North,R&D
PO00065,V024,2025-06-23,Packaging,342,85.28,29165.76,North,HR
PO00066,V022,2025-12-10,Consulting,52,433.75,22555.0,South,R&D
PO00067,V008,2025-11-14,Packaging,120,428.12,51374.4,East,IT
PO00068,V001,2025-02-17,Raw Materials,130,512.37,66608.1,East,HR
PO00069,V025,2025-03-16,MRO Parts,238,241.86,57562.68,East,Facilities
PO00070,V019,2025-07-19,IT Equipment,372,375.77,139786.44,East,Finance
PO00071,V013,2025-09-07,IT Equipment,80,356.63,28530.4,East,Manufacturing
PO00072,V025,2025-04-20,MRO Parts,403,246.94,99516.82,East,IT
PO00073,V023,2026-06-15,Logistics,242,68.85,16661.7,West,IT
PO00074,V004,2026-04-13,Consulting,73,425.67,31073.91,West,Facilities
PO00075,V017,2026-07-27,MRO Parts,309,195.72,60477.48,East,R&D
PO00076,V015,2026-06-01,IT Equipment,223,439.52,98012.96,West,HR
PO00077,V015,2025-06-12,IT Equipment,385,454.21,174870.85,West,Finance
PO00078,V009,2025-09-11,Packaging,435,347.89,151332.15,North,R&D
PO00079,V025,2026-06-18,MRO Parts,253,342.71,86705.63,East,Operations
PO00080,V015,2025-03-21,IT Equipment,370,180.72,66866.4,West,Operations
PO00081,V011,2025-11-24,Raw Materials,462,301.57,139325.34,South,IT
PO00082,V005,2025-08-25,MRO Parts,201,374.63,75300.63,North,Facilities
PO00083,V007,2025-03-07,Raw Materials,217,238.61,51778.37,North,HR
PO00084,V015,2026-03-02,IT Equipment,36,143.25,5157.0,West,Finance
PO00085,V013,2025-01-21,IT Equipment,443,463.31,205246.33,East,HR
PO00086,V013,2026-05-04,IT Equipment,8,492.8,3942.4,East,Operations
PO00087,V025,2026-02-04,MRO Parts,441,468.53,206621.73,East,R&D
PO00088,V014,2026-07-06,Consulting,387,393.95,152458.65,North,R&D
PO00089,V020,2025-08-14,Consulting,254,149.23,37904.42,West,Finance
PO00090,V016,2025-01-30,Consulting,204,204.66,41750.64,East,Facilities
PO00091,V013,2025-06-19,IT Equipment,435,267.01,116149.35,East,IT
PO00092,V020,2026-07-01,Consulting,18,475.79,8564.22,West,HR
PO00093,V019,2025-01-28,IT Equipment,47,350.31,16464.57,East,IT
PO00094,V015,2025-07-06,IT Equipment,30,168.57,5057.1,West,Operations
PO00095,V007,2026-04-11,Raw Materials,172,205.31,35313.32,North,Finance
PO00096,V009,2026-03-08,Packaging,134,441.58,59171.72,North,Finance
PO00097,V001,2026-07-07,Raw Materials,31,519.96,16118.76,East,Operations
PO00098,V008,2025-03-12,Packaging,404,499.71,201882.84,East,Manufacturing
PO00099,V025,2025-02-01,MRO Parts,491,162.46,79767.86,East,R&D
PO00100,V001,2025-06-06,Raw Materials,127,104.95,13328.65,East,Facilities
PO00101,V004,2025-08-12,Consulting,243,377.25,91671.75,West,R&D
PO00102,V012,2025-06-21,MRO Parts,315,333.44,105033.6,North,Facilities
PO00103,V023,2025-04-28,Logistics,403,434.17,174970.51,West,Operations
PO00104,V004,2025-01-27,Consulting,480,193.18,92726.4,West,Facilities
PO00105,V013,2026-02-11,IT Equipment,487,384.63,187314.81,East,Manufacturing
PO00106,V019,2025-09-06,IT Equipment,57,376.17,21441.69,East,Operations
PO00107,V022,2025-05-04,Consulting,412,512.33,211079.96,South,R&D
PO00108,V002,2025-12-22,Consulting,277,248.48,68828.96,North,Operations
PO00109,V003,2026-06-03,Raw Materials,336,207.08,69578.88,South,R&D
PO00110,V014,2026-05-17,Consulting,59,250.92,14804.28,North,Operations
PO00111,V021,2026-04-16,IT Equipment,367,117.67,43184.89,West,IT
PO00112,V024,2026-06-19,Packaging,499,353.97,176631.03,North,HR
PO00113,V018,2026-05-11,Packaging,243,251.9,61211.7,East,Facilities
PO00114,V019,2025-10-02,IT Equipment,170,449.56,76425.2,East,R&D
PO00115,V003,2025-10-13,Raw Materials,456,259.13,118163.28,South,R&D
PO00116,V015,2026-01-24,IT Equipment,177,58.63,10377.51,West,R&D
PO00117,V011,2025-07-06,Raw Materials,254,145.76,37023.04,South,R&D
PO00118,V009,2025-12-15,Packaging,148,463.15,68546.2,North,Facilities
PO00119,V009,2026-07-24,Packaging,10,290.4,2904.0,North,IT
PO00120,V003,2025-09-05,Raw Materials,373,238.05,88792.65,South,HR
PO00121,V025,2025-09-04,MRO Parts,358,271.14,97068.12,East,Facilities
PO00122,V016,2026-04-04,Consulting,410,53.19,21807.9,East,Operations
PO00123,V008,2026-02-19,Packaging,359,160.57,57644.63,East,Facilities
PO00124,V019,2026-01-13,IT Equipment,247,307.9,76051.3,East,Operations
PO00125,V014,2026-07-18,Consulting,174,212.11,36907.14,North,Finance
PO00126,V009,2025-11-10,Packaging,133,154.51,20549.83,North,Facilities
PO00127,V007,2025-11-20,Raw Materials,66,397.87,26259.42,North,R&D
PO00128,V023,2025-07-09,Logistics,103,147.78,15221.34,West,Finance
PO00129,V009,2026-06-22,Packaging,310,179.42,55620.2,North,Manufacturing
PO00130,V007,2025-10-31,Raw Materials,121,216.42,26186.82,North,Operations
PO00131,V001,2026-07-01,Raw Materials,69,175.3,12095.7,East,Manufacturing
PO00132,V018,2025-10-27,Packaging,362,493.44,178625.28,East,Facilities
PO00133,V025,2026-05-18,MRO Parts,57,459.54,26193.78,East,HR
PO00134,V010,2026-04-26,MRO Parts,250,254.22,63555.0,East,IT
PO00135,V002,2025-09-16,Consulting,486,454.32,220799.52,North,Manufacturing
PO00136,V003,2026-02-15,Raw Materials,256,80.19,20528.64,South,Facilities
PO00137,V022,2025-02-24,Consulting,82,115.87,9501.34,South,HR
PO00138,V010,2025-03-29,MRO Parts,132,101.26,13366.32,East,R&D
PO00139,V014,2025-08-20,Consulting,402,293.22,117874.44,North,Finance
PO00140,V015,2025-11-01,IT Equipment,445,324.55,144424.75,West,Finance
PO00141,V010,2025-03-03,MRO Parts,317,501.05,158832.85,East,Manufacturing
PO00142,V025,2025-08-01,MRO Parts,325,145.24,47203.0,East,Facilities
PO00143,V003,2025-06-10,Raw Materials,127,127.56,16200.12,South,Manufacturing
PO00144,V006,2025-01-03,Office Supplies,214,258.99,55423.86,East,HR
PO00145,V016,2025-10-26,Consulting,21,154.95,3253.95,East,Facilities
PO00146,V010,2026-04-10,MRO Parts,41,371.51,15231.91,East,Operations
PO00147,V021,2025-07-22,IT Equipment,222,99.52,22093.44,West,IT
PO00148,V021,2025-06-02,IT Equipment,470,171.18,80454.6,West,IT
PO00149,V003,2025-03-03,Raw Materials,89,421.5,37513.5,South,HR
PO00150,V024,2025-10-23,Packaging,229,104.07,23832.03,North,Facilities
PO00151,V010,2026-02-17,MRO Parts,487,174.32,84893.84,East,HR
PO00152,V016,2026-03-25,Consulting,46,329.07,15137.22,East,Finance
PO00153,V024,2025-11-27,Packaging,314,163.92,51470.88,North,Manufacturing
PO00154,V008,2025-01-22,Packaging,396,364.33,144274.68,East,Operations
PO00155,V019,2025-02-11,IT Equipment,395,404.23,159670.85,East,Finance
PO00156,V017,2026-03-29,MRO Parts,474,177.12,83954.88,East,HR
PO00157,V014,2026-05-19,Consulting,51,268.25,13680.75,North,Finance
PO00158,V011,2025-11-25,Raw Materials,348,94.68,32948.64,South,IT
PO00159,V011,2026-02-26,Raw Materials,360,280.35,100926.0,South,Facilities
PO00160,V013,2026-07-18,IT Equipment,23,261.04,6003.92,East,Operations
PO00161,V009,2025-11-28,Packaging,64,505.84,32373.76,North,Finance
PO00162,V017,2025-01-02,MRO Parts,341,457.95,156160.95,East,Finance
PO00163,V014,2025-02-25,Consulting,101,291.26,29417.26,North,HR
PO00164,V025,2026-05-26,MRO Parts,325,254.97,82865.25,East,Manufacturing
PO00165,V007,2025-10-01,Raw Materials,286,107.23,30667.78,North,Operations
PO00166,V015,2026-05-12,IT Equipment,67,58.71,3933.57,West,Facilities
PO00167,V020,2025-09-03,Consulting,368,120.23,44244.64,West,HR
PO00168,V001,2026-07-20,Raw Materials,213,89.27,19014.51,East,R&D
PO00169,V004,2026-04-18,Consulting,489,100.8,49291.2,West,R&D
PO00170,V005,2026-05-26,MRO Parts,482,385.39,185757.98,North,HR
PO00171,V023,2025-10-07,Logistics,217,441.49,95803.33,West,Finance
PO00172,V008,2026-04-13,Packaging,287,113.7,32631.9,East,IT
PO00173,V020,2026-06-05,Consulting,387,462.68,179057.16,West,R&D
PO00174,V003,2025-10-10,Raw Materials,400,420.25,168100.0,South,Finance
PO00175,V011,2026-06-04,Raw Materials,141,434.76,61301.16,South,Operations
PO00176,V024,2025-11-02,Packaging,433,323.8,140205.4,North,Facilities
PO00177,V016,2025-06-02,Consulting,233,300.83,70093.39,East,Operations
PO00178,V011,2026-07-20,Raw Materials,395,303.13,119736.35,South,Finance
PO00179,V011,2025-07-13,Raw Materials,362,158.43,57351.66,South,Finance
PO00180,V008,2026-02-25,Packaging,27,196.13,5295.51,East,Finance
PO00181,V023,2026-01-26,Logistics,202,514.5,103929.0,West,R&D
PO00182,V021,2025-06-05,IT Equipment,258,503.29,129848.82,West,IT
PO00183,V017,2025-12-06,MRO Parts,450,92.67,41701.5,East,R&D
PO00184,V015,2025-04-13,IT Equipment,274,477.46,130824.04,West,Manufacturing
PO00185,V024,2025-05-28,Packaging,214,458.69,98159.66,North,IT
PO00186,V003,2026-04-26,Raw Materials,405,505.37,204674.85,South,Operations
PO00187,V020,2026-02-12,Consulting,337,83.15,28021.55,West,Operations
PO00188,V022,2026-07-01,Consulting,199,498.22,99145.78,South,Facilities
PO00189,V023,2026-05-15,Logistics,451,301.98,136192.98,West,HR
PO00190,V003,2025-08-29,Raw Materials,328,370.09,121389.52,South,Operations
PO00191,V008,2025-04-03,Packaging,227,509.71,115704.17,East,R&D
PO00192,V021,2025-04-13,IT Equipment,232,124.02,28772.64,West,Operations
PO00193,V001,2025-02-17,Raw Materials,171,423.17,72362.07,East,Operations
PO00194,V012,2026-01-19,MRO Parts,225,114.15,25683.75,North,HR
PO00195,V014,2025-07-04,Consulting,92,128.16,11790.72,North,HR
PO00196,V013,2025-09-04,IT Equipment,259,478.59,123954.81,East,IT
PO00197,V008,2026-04-18,Packaging,331,165.64,54826.84,East,Operations
PO00198,V022,2025-01-10,Consulting,465,427.2,198648.0,South,Operations
PO00199,V022,2026-07-14,Consulting,85,80.08,6806.8,South,Operations
PO00200,V019,2025-11-03,IT Equipment,332,501.96,166650.72,East,Facilities
PO00201,V009,2026-04-13,Packaging,437,188.51,82378.87,North,Finance
PO00202,V016,2025-04-20,Consulting,126,226.15,28494.9,East,Operations
PO00203,V019,2025-10-30,IT Equipment,363,185.23,67238.49,East,R&D
PO00204,V022,2026-02-10,Consulting,145,48.85,7083.25,South,R&D
PO00205,V022,2025-02-20,Consulting,471,333.04,156861.84,South,Finance
PO00206,V010,2025-08-24,MRO Parts,315,425.92,134164.8,East,IT
PO00207,V021,2025-07-14,IT Equipment,322,164.05,52824.1,West,R&D
PO00208,V024,2025-05-21,Packaging,326,91.15,29714.9,North,Facilities
PO00209,V021,2025-02-10,IT Equipment,163,419.59,68393.17,West,Manufacturing
PO00210,V019,2026-01-09,IT Equipment,379,107.42,40712.18,East,Operations
PO00211,V011,2026-03-02,Raw Materials,94,140.38,13195.72,South,R&D
PO00212,V018,2026-01-10,Packaging,276,283.35,78204.6,East,Operations
PO00213,V006,2025-09-21,Office Supplies,472,436.73,206136.56,East,Finance
PO00214,V010,2025-12-13,MRO Parts,416,99.71,41479.36,East,Manufacturing
PO00215,V005,2025-08-20,MRO Parts,445,366.25,162981.25,North,Facilities
PO00216,V013,2026-07-25,IT Equipment,192,87.89,16874.88,East,Finance
PO00217,V001,2025-09-28,Raw Materials,279,103.7,28932.3,East,Operations
PO00218,V022,2025-09-26,Consulting,304,225.99,68700.96,South,Facilities
PO00219,V012,2025-04-21,MRO Parts,350,156.07,54624.5,North,Manufacturing
PO00220,V020,2026-07-29,Consulting,172,479.75,82517.0,West,IT
PO00221,V021,2025-03-06,IT Equipment,330,436.33,143988.9,West,Facilities
PO00222,V010,2026-02-23,MRO Parts,64,111.39,7128.96,East,Manufacturing
PO00223,V010,2026-05-20,MRO Parts,64,91.17,5834.88,East,HR
PO00224,V005,2026-02-02,MRO Parts,237,221.23,52431.51,North,Facilities
PO00225,V023,2026-07-08,Logistics,219,323.99,70953.81,West,Facilities
PO00226,V005,2026-03-01,MRO Parts,340,92.04,31293.6,North,Finance
PO00227,V020,2026-02-22,Consulting,485,496.97,241030.45,West,Manufacturing
PO00228,V023,2026-01-15,Logistics,116,255.61,29650.76,West,IT
PO00229,V012,2025-04-12,MRO Parts,356,219.48,78134.88,North,Facilities
PO00230,V012,2025-03-04,MRO Parts,208,176.04,36616.32,North,Manufacturing
PO00231,V015,2025-04-04,IT Equipment,344,145.75,50138.0,West,Facilities
PO00232,V020,2025-01-22,Consulting,30,418.73,12561.9,West,IT
PO00233,V005,2025-07-30,MRO Parts,40,439.16,17566.4,North,HR
PO00234,V007,2025-08-10,Raw Materials,421,458.11,192864.31,North,Operations
PO00235,V025,2025-06-01,MRO Parts,408,472.75,192882.0,East,Manufacturing
PO00236,V009,2025-05-29,Packaging,71,301.6,21413.6,North,R&D
PO00237,V006,2025-04-23,Office Supplies,343,456.56,156600.08,East,IT
PO00238,V001,2026-01-02,Raw Materials,409,419.5,171575.5,East,HR
PO00239,V011,2025-01-17,Raw Materials,94,171.05,16078.7,South,IT
PO00240,V024,2026-03-08,Packaging,274,98.98,27120.52,North,Manufacturing
PO00241,V016,2026-04-05,Consulting,403,216.97,87438.91,East,HR
PO00242,V004,2026-04-08,Consulting,262,150.24,39362.88,West,HR
PO00243,V002,2026-06-18,Consulting,159,262.57,41748.63,North,Manufacturing
PO00244,V002,2026-05-06,Consulting,438,235.77,103267.26,North,Facilities
PO00245,V004,2026-05-18,Consulting,369,477.11,176053.59,West,Manufacturing
PO00246,V003,2025-11-26,Raw Materials,316,115.46,36485.36,South,IT
PO00247,V009,2026-07-16,Packaging,369,199.46,73600.74,North,HR
PO00248,V017,2025-10-29,MRO Parts,237,285.14,67578.18,East,Finance
PO00249,V004,2025-04-28,Consulting,441,355.99,156991.59,West,R&D
PO00250,V018,2025-08-09,Packaging,225,259.49,58385.25,East,IT
PO00251,V014,2025-12-14,Consulting,428,260.41,111455.48,North,Finance
PO00252,V024,2025-04-08,Packaging,165,247.71,40872.15,North,Facilities
PO00253,V009,2026-01-19,Packaging,493,117.5,57927.5,North,Finance
PO00254,V003,2025-04-04,Raw Materials,430,85.55,36786.5,South,Finance
PO00255,V004,2026-01-17,Consulting,420,106.8,44856.0,West,Manufacturing
PO00256,V019,2026-07-30,IT Equipment,292,201.58,58861.36,East,Manufacturing
PO00257,V014,2025-12-29,Consulting,452,361.04,163190.08,North,R&D
PO00258,V014,2025-02-22,Consulting,500,181.62,90810.0,North,Operations
PO00259,V012,2025-04-17,MRO Parts,300,286.02,85806.0,North,IT
PO00260,V022,2026-05-09,Consulting,119,447.46,53247.74,South,Operations
PO00261,V018,2026-01-12,Packaging,63,407.24,25656.12,East,HR
PO00262,V008,2026-03-16,Packaging,437,311.46,136108.02,East,R&D
PO00263,V020,2026-07-25,Consulting,18,334.27,6016.86,West,Facilities
PO00264,V023,2025-10-01,Logistics,19,130.7,2483.3,West,Facilities
PO00265,V025,2025-11-13,MRO Parts,476,206.42,98255.92,East,Manufacturing
PO00266,V006,2025-05-27,Office Supplies,294,357.24,105028.56,East,Manufacturing
PO00267,V005,2025-02-01,MRO Parts,51,399.4,20369.4,North,IT
PO00268,V013,2026-03-06,IT Equipment,237,206.93,49042.41,East,Operations
PO00269,V010,2025-11-29,MRO Parts,402,492.17,197852.34,East,HR
PO00270,V003,2025-02-23,Raw Materials,84,119.77,10060.68,South,HR
PO00271,V002,2025-03-25,Consulting,144,255.48,36789.12,North,Finance
PO00272,V016,2026-03-29,Consulting,217,174.75,37920.75,East,R&D
PO00273,V017,2025-04-27,MRO Parts,181,249.21,45107.01,East,Operations
PO00274,V022,2026-05-14,Consulting,274,361.89,99157.86,South,Manufacturing
PO00275,V008,2026-02-09,Packaging,311,71.02,22087.22,East,IT
PO00276,V010,2025-08-05,MRO Parts,397,110.19,43745.43,East,Operations
PO00277,V010,2025-12-02,MRO Parts,66,48.67,3212.22,East,Facilities
PO00278,V014,2025-06-29,Consulting,71,225.6,16017.6,North,Facilities
PO00279,V008,2026-05-28,Packaging,291,440.84,128284.44,East,R&D
PO00280,V012,2025-03-15,MRO Parts,208,454.34,94502.72,North,Manufacturing
PO00281,V014,2025-01-20,Consulting,240,482.55,115812.0,North,R&D
PO00282,V011,2026-03-16,Raw Materials,298,237.1,70655.8,South,Facilities
PO00283,V014,2025-10-24,Consulting,63,237.39,14955.57,North,Operations
PO00284,V006,2026-04-17,Office Supplies,430,372.56,160200.8,East,Operations
PO00285,V003,2026-03-24,Raw Materials,437,95.28,41637.36,South,Finance
PO00286,V019,2026-02-15,IT Equipment,273,82.36,22484.28,East,R&D
PO00287,V010,2025-12-14,MRO Parts,118,203.21,23978.78,East,IT
PO00288,V003,2026-06-07,Raw Materials,329,99.16,32623.64,South,HR
PO00289,V007,2025-12-24,Raw Materials,184,390.51,71853.84,North,R&D
PO00290,V021,2025-06-01,IT Equipment,125,93.83,11728.75,West,Operations
PO00291,V007,2025-06-27,Raw Materials,313,117.61,36811.93,North,R&D
PO00292,V021,2025-03-19,IT Equipment,95,496.86,47201.7,West,Facilities
PO00293,V016,2026-04-21,Consulting,391,312.77,122293.07,East,HR
PO00294,V015,2025-11-27,IT Equipment,447,506.21,226275.87,West,Operations
PO00295,V005,2026-03-27,MRO Parts,39,267.74,10441.86,North,Facilities
PO00296,V010,2025-10-09,MRO Parts,307,71.68,22005.76,East,HR
PO00297,V003,2025-11-14,Raw Materials,241,259.66,62578.06,South,Manufacturing
PO00298,V012,2025-10-21,MRO Parts,44,351.22,15453.68,North,R&D
PO00299,V003,2026-06-04,Raw Materials,201,264.79,53222.79,South,HR
PO00300,V024,2025-02-12,Packaging,235,476.8,112048.0,North,HR
PO00301,V021,2025-07-12,IT Equipment,169,332.38,56172.22,West,HR
PO00302,V005,2025-03-05,MRO Parts,235,94.16,22127.6,North,R&D
PO00303,V011,2025-03-28,Raw Materials,263,351.91,92552.33,South,Manufacturing
PO00304,V008,2026-03-25,Packaging,229,293.93,67309.97,East,HR
PO00305,V006,2026-01-08,Office Supplies,195,481.02,93798.9,East,Finance
PO00306,V014,2025-12-13,Consulting,352,329.0,115808.0,North,R&D
PO00307,V021,2025-12-09,IT Equipment,38,201.6,7660.8,West,HR
PO00308,V022,2026-01-31,Consulting,150,164.7,24705.0,South,R&D
PO00309,V022,2025-06-03,Consulting,175,83.71,14649.25,South,Facilities
PO00310,V005,2025-12-25,MRO Parts,163,504.66,82259.58,North,Facilities
PO00311,V022,2026-02-06,Consulting,71,327.64,23262.44,South,Manufacturing
PO00312,V010,2026-07-27,MRO Parts,197,350.66,69080.02,East,Operations
PO00313,V005,2026-06-24,MRO Parts,52,351.86,18296.72,North,Finance
PO00314,V017,2026-01-06,MRO Parts,14,217.23,3041.22,East,IT
PO00315,V007,2025-12-16,Raw Materials,490,408.92,200370.8,North,IT
PO00316,V008,2025-05-21,Packaging,84,81.65,6858.6,East,R&D
PO00317,V004,2026-06-04,Consulting,399,301.39,120254.61,West,Facilities
PO00318,V017,2025-02-08,MRO Parts,343,204.96,70301.28,East,R&D
PO00319,V020,2025-05-15,Consulting,310,223.94,69421.4,West,IT
PO00320,V006,2025-06-19,Office Supplies,374,252.89,94580.86,East,Finance
PO00321,V012,2025-09-01,MRO Parts,232,335.03,77726.96,North,R&D
PO00322,V024,2026-04-05,Packaging,124,298.66,37033.84,North,Operations
PO00323,V016,2025-07-18,Consulting,193,367.2,70869.6,East,HR
PO00324,V015,2026-04-18,IT Equipment,398,178.84,71178.32,West,Finance
PO00325,V017,2026-06-25,MRO Parts,219,503.98,110371.62,East,R&D
PO00326,V007,2025-05-22,Raw Materials,451,163.75,73851.25,North,Facilities
PO00327,V016,2026-01-16,Consulting,288,488.79,140771.52,East,Facilities
PO00328,V017,2025-05-08,MRO Parts,150,84.84,12726.0,East,IT
PO00329,V009,2026-04-06,Packaging,468,288.84,135177.12,North,R&D
PO00330,V014,2025-04-04,Consulting,489,477.49,233492.61,North,R&D
PO00331,V015,2025-12-24,IT Equipment,481,57.67,27739.27,West,Manufacturing
PO00332,V013,2026-05-30,IT Equipment,196,156.99,30770.04,East,Manufacturing
PO00333,V012,2025-08-18,MRO Parts,19,196.38,3731.22,North,Manufacturing
PO00334,V023,2025-12-10,Logistics,410,114.37,46891.7,West,Manufacturing
PO00335,V010,2026-04-29,MRO Parts,361,439.78,158760.58,East,R&D
PO00336,V023,2026-04-26,Logistics,234,337.29,78925.86,West,Manufacturing
PO00337,V001,2025-09-20,Raw Materials,115,441.61,50785.15,East,HR
PO00338,V024,2026-06-25,Packaging,221,97.81,21616.01,North,Operations
PO00339,V008,2025-11-05,Packaging,67,67.68,4534.56,East,Finance
PO00340,V021,2026-04-14,IT Equipment,37,97.66,3613.42,West,Finance
PO00341,V020,2026-07-03,Consulting,13,345.18,4487.34,West,HR
PO00342,V008,2025-05-28,Packaging,154,248.89,38329.06,East,HR
PO00343,V012,2025-09-04,MRO Parts,297,242.87,72132.39,North,Facilities
PO00344,V022,2025-03-29,Consulting,273,507.96,138673.08,South,Manufacturing
PO00345,V017,2026-07-12,MRO Parts,264,418.55,110497.2,East,HR
PO00346,V018,2025-01-21,Packaging,204,459.83,93805.32,East,Manufacturing
PO00347,V021,2026-02-01,IT Equipment,196,165.48,32434.08,West,Manufacturing
PO00348,V012,2025-03-11,MRO Parts,181,159.53,28874.93,North,Facilities
PO00349,V021,2025-04-17,IT Equipment,400,321.4,128560.0,West,R&D
PO00350,V011,2025-05-17,Raw Materials,27,212.34,5733.18,South,Operations
PO00351,V021,2025-06-29,IT Equipment,430,415.09,178488.7,West,Finance
PO00352,V023,2026-05-06,Logistics,328,131.58,43158.24,West,IT
PO00353,V003,2026-04-14,Raw Materials,23,184.39,4240.97,South,Manufacturing
PO00354,V007,2025-02-12,Raw Materials,166,488.35,81066.1,North,HR
PO00355,V013,2026-07-11,IT Equipment,247,165.32,40834.04,East,R&D
PO00356,V021,2025-07-15,IT Equipment,151,214.56,32398.56,West,R&D
PO00357,V002,2025-12-06,Consulting,144,104.13,14994.72,North,Operations
PO00358,V014,2026-02-14,Consulting,385,253.87,97739.95,North,Finance
PO00359,V011,2025-07-11,Raw Materials,259,373.73,96796.07,South,Operations
PO00360,V017,2025-10-01,MRO Parts,415,84.24,34959.6,East,Finance
PO00361,V003,2026-03-17,Raw Materials,313,517.67,162030.71,South,IT
PO00362,V018,2025-10-28,Packaging,169,93.73,15840.37,East,Operations
PO00363,V022,2025-10-30,Consulting,161,256.81,41346.41,South,Facilities
PO00364,V014,2025-06-20,Consulting,358,255.86,91597.88,North,Finance
PO00365,V002,2025-12-28,Consulting,319,519.12,165599.28,North,Operations
PO00366,V021,2025-02-28,IT Equipment,43,363.81,15643.83,West,Finance
PO00367,V012,2026-06-10,MRO Parts,415,401.2,166498.0,North,IT
PO00368,V001,2025-05-27,Raw Materials,439,333.6,146450.4,East,R&D
PO00369,V015,2025-02-05,IT Equipment,69,76.94,5308.86,West,R&D
PO00370,V021,2026-01-11,IT Equipment,190,226.86,43103.4,West,HR
PO00371,V002,2025-06-07,Consulting,352,258.71,91065.92,North,Operations
PO00372,V012,2026-03-31,MRO Parts,395,81.52,32200.4,North,IT
PO00373,V017,2026-01-11,MRO Parts,208,194.33,40420.64,East,Operations
PO00374,V008,2025-04-27,Packaging,18,394.45,7100.1,East,Finance
PO00375,V017,2026-02-01,MRO Parts,472,311.79,147164.88,East,Operations
PO00376,V025,2025-09-24,MRO Parts,365,256.98,93797.7,East,HR
PO00377,V010,2026-05-18,MRO Parts,107,103.25,11047.75,East,R&D
PO00378,V003,2026-04-08,Raw Materials,93,471.87,43883.91,South,Finance
PO00379,V003,2025-11-24,Raw Materials,346,210.03,72670.38,South,Manufacturing
PO00380,V018,2026-07-10,Packaging,153,468.38,71662.14,East,R&D
PO00381,V006,2025-06-28,Office Supplies,411,216.71,89067.81,East,IT
PO00382,V004,2025-07-25,Consulting,410,110.97,45497.7,West,R&D
PO00383,V016,2025-01-27,Consulting,189,308.16,58242.24,East,Operations
PO00384,V015,2026-07-19,IT Equipment,71,335.68,23833.28,West,Manufacturing
PO00385,V003,2025-11-13,Raw Materials,208,519.81,108120.48,South,Facilities
PO00386,V016,2026-06-23,Consulting,215,410.35,88225.25,East,R&D
PO00387,V019,2025-03-17,IT Equipment,69,506.88,34974.72,East,Facilities
PO00388,V003,2026-04-06,Raw Materials,243,368.05,89436.15,South,Operations
PO00389,V005,2026-07-19,MRO Parts,332,324.2,107634.4,North,R&D
PO00390,V005,2026-03-20,MRO Parts,262,477.59,125128.58,North,Manufacturing
PO00391,V004,2026-06-15,Consulting,83,189.46,15725.18,West,IT
PO00392,V011,2025-08-19,Raw Materials,182,495.05,90099.1,South,HR
PO00393,V010,2025-03-22,MRO Parts,133,138.24,18385.92,East,HR
PO00394,V009,2025-05-09,Packaging,325,188.84,61373.0,North,HR
PO00395,V003,2026-05-30,Raw Materials,333,125.1,41658.3,South,HR
PO00396,V005,2025-06-25,MRO Parts,342,341.63,116837.46,North,HR
PO00397,V011,2025-02-12,Raw Materials,427,455.3,194413.1,South,Manufacturing
PO00398,V002,2025-09-29,Consulting,338,145.13,49053.94,North,HR
PO00399,V014,2025-02-01,Consulting,259,467.27,121022.93,North,HR
PO00400,V010,2025-11-06,MRO Parts,252,161.32,40652.64,East,R&D
PO00401,V022,2026-02-20,Consulting,157,260.43,40887.51,South,Facilities
PO00402,V002,2025-06-11,Consulting,230,242.42,55756.6,North,Finance
PO00403,V007,2025-12-15,Raw Materials,315,113.24,35670.6,North,R&D
PO00404,V023,2025-11-23,Logistics,380,514.31,195437.8,West,Operations
PO00405,V013,2025-05-14,IT Equipment,394,221.01,87077.94,East,HR
PO00406,V004,2025-11-23,Consulting,128,266.57,34120.96,West,Operations
PO00407,V015,2025-09-11,IT Equipment,77,90.99,7006.23,West,Operations
PO00408,V013,2026-03-05,IT Equipment,132,502.28,66300.96,East,IT
PO00409,V011,2025-11-17,Raw Materials,102,407.48,41562.96,South,Finance
PO00410,V017,2026-04-24,MRO Parts,260,462.56,120265.6,East,Finance
PO00411,V001,2025-04-03,Raw Materials,488,231.79,113113.52,East,Finance
PO00412,V008,2025-08-09,Packaging,303,212.63,64426.89,East,Manufacturing
PO00413,V010,2026-05-22,MRO Parts,310,464.11,143874.1,East,Facilities
PO00414,V022,2026-04-27,Consulting,151,299.93,45289.43,South,R&D
PO00415,V004,2026-03-18,Consulting,73,464.17,33884.41,West,Facilities
PO00416,V012,2026-02-17,MRO Parts,192,66.49,12766.08,North,Manufacturing
PO00417,V019,2026-07-30,IT Equipment,104,217.2,22588.8,East,Operations
PO00418,V003,2026-01-31,Raw Materials,263,258.92,68095.96,South,HR
PO00419,V009,2025-05-02,Packaging,70,508.16,35571.2,North,Finance
PO00420,V012,2025-12-14,MRO Parts,290,491.0,142390.0,North,R&D
