order_id,customer_id,order_date,status,region_code
O000001,C00327,2026-03-11 22:48:50,DELIVERED,EAST
O000002,C00171,2026-01-17 18:00:23,SHIPPED,SOUTH
O000003,C00172,2025-11-23 17:26:31,DELIVERED,NORTH
O000004,C00183,2025-02-28 13:47:06,PLACED,NORTH
O000005,C00561,2026-01-29 01:22:40,SHIPPED,NORTH
O000006,C00253,2025-02-20 08:21:23,RETURNED,NORTH
O000007,C00204,2025-09-27 23:14:56,SHIPPED,CENTRAL
O000008,C00428,2026-06-15 06:54:16,PLACED,NORTH
O000009,C00172,2025-01-24 15:58:59,DELIVERED,EAST
O000010,C00106,2025-05-10 11:37:10,DELIVERED,SOUTH
O000011,C00179,2025-08-07 02:23:57,DELIVERED,CENTRAL
O000012,C00233,2025-10-12 12:28:35,PLACED,WEST
O000013,C00014,2025-04-30 08:02:56,RETURNED,CENTRAL
O000014,C00163,2025-04-30 10:20:47,CANCELLED,CENTRAL
O000015,C00503,2025-05-03 03:32:47,SHIPPED,EAST
O000016,C00214,2025-04-12 19:49:15,PLACED,WEST
O000017,C00110,2026-03-04 01:09:08,PLACED,SOUTH
O000018,C00107,2025-03-03 11:03:51,SHIPPED,CENTRAL
O000019,C00371,2026-03-04 12:58:56,DELIVERED,NORTH
O000020,,2026-01-07 13:29:58,SHIPPED,WEST
O000021,C00411,2026-07-04 21:12:58,DELIVERED,WEST
O000022,C00119,2026-01-21 20:28:57,DELIVERED,WEST
O000023,C00404,2026-02-26 02:46:05,DELIVERED,WEST
O000024,C00056,2025-02-20 22:11:30,PLACED,SOUTH
O000025,C00361,2025-05-09 07:53:15,DELIVERED,WEST
O000026,C00210,2026-07-14 04:45:45,DELIVERED,WEST
O000027,C00300,2026-02-13 13:14:26,SHIPPED,SOUTH
O000028,C00347,2025-01-18 19:47:48,DELIVERED,NORTH
O000029,C00538,2026-07-18 02:18:18,DELIVERED,CENTRAL
O000030,C00038,2026-03-03 00:40:24,DELIVERED,WEST
O000031,C00517,2025-10-23 07:34:35,SHIPPED,CENTRAL
O000032,C00504,2026-07-17 11:23:05,DELIVERED,NORTH
O000033,C00200,2025-02-15 08:20:08,PLACED,WEST
O000034,C00371,2025-10-01 22:35:19,DELIVERED,EAST
O000035,C00007,2026-04-22 11:47:09,DELIVERED,NORTH
O000036,C00214,2025-10-04 14:28:34,PLACED,NORTH
O000037,C00561,2025-10-22 18:30:06,SHIPPED,EAST
O000038,C00427,2025-06-16 15:14:42,PLACED,CENTRAL
O000039,C00363,2025-10-02 23:45:19,CANCELLED,NORTH
O000040,,2025-07-14 14:46:46,RETURNED,SOUTH
O000041,C00246,2026-07-23 05:25:05,DELIVERED,EAST
O000042,C00009,2025-06-21 01:54:36,CANCELLED,NORTH
O000043,C00324,2025-05-12 06:11:08,CANCELLED,CENTRAL
O000044,C00257,2025-03-14 08:23:09,DELIVERED,EAST
O000045,C00311,2025-03-16 08:56:49,PLACED,EAST
O000046,C00120,2025-11-12 06:22:04,SHIPPED,CENTRAL
O000047,C00009,2025-10-21 04:52:08,CANCELLED,WEST
O000048,C00228,2025-02-12 05:36:09,DELIVERED,SOUTH
O000049,C00045,2025-07-29 04:26:32,CANCELLED,EAST
O000050,C00546,2026-02-27 16:09:48,DELIVERED,SOUTH
O000051,C00220,2025-06-02 05:26:17,DELIVERED,CENTRAL
O000052,C00265,2025-02-07 05:28:53,DELIVERED,EAST
O000053,C00066,2025-06-24 12:03:52,RETURNED,CENTRAL
O000054,C00438,2026-01-06 21:06:59,RETURNED,SOUTH
O000055,C00499,2026-01-28 01:11:58,DELIVERED,WEST
O000056,C00242,2025-07-23 11:02:18,DELIVERED,CENTRAL
O000057,C00364,2026-07-09 05:39:10,PLACED,WEST
O000058,C00397,2025-08-17 01:35:03,CANCELLED,NORTH
O000059,C00023,2026-02-14 16:16:04,DELIVERED,NORTH
O000060,,2025-03-06 23:28:39,CANCELLED,EAST
O000061,C00055,2026-01-12 11:54:18,SHIPPED,NORTH
O000062,C00037,2025-09-10 13:55:52,PLACED,SOUTH
O000063,C00067,2026-02-04 16:58:18,CANCELLED,SOUTH
O000064,C00342,2026-02-15 08:28:46,DELIVERED,WEST
O000065,C00585,2025-05-17 01:01:29,PLACED,SOUTH
O000066,C00376,2025-01-03 15:45:23,PLACED,WEST
O000067,C00096,2025-02-11 04:13:53,DELIVERED,NORTH
O000068,C00289,2025-01-18 23:28:36,DELIVERED,SOUTH
O000069,C00301,2025-05-15 21:16:57,SHIPPED,EAST
O000070,C00368,2025-05-03 00:46:25,DELIVERED,SOUTH
O000071,C00190,2025-02-01 20:50:49,RETURNED,NORTH
O000072,C00406,2025-09-11 14:53:58,PLACED,CENTRAL
O000073,C00491,2026-02-20 09:53:42,DELIVERED,WEST
O000074,C00512,2025-12-27 09:40:55,PLACED,EAST
O000075,C00494,2025-04-18 22:14:42,DELIVERED,CENTRAL
O000076,C00401,2025-01-16 05:13:06,DELIVERED,CENTRAL
O000077,C00526,2025-01-24 11:28:17,PLACED,SOUTH
O000078,C00434,2025-07-22 15:01:46,RETURNED,CENTRAL
O000079,C00503,2026-06-27 21:24:49,SHIPPED,WEST
O000080,,2025-05-02 08:41:25,PLACED,SOUTH
O000081,C00370,2025-04-02 13:09:02,PLACED,CENTRAL
O000082,C00575,2025-09-27 02:50:17,CANCELLED,WEST
O000083,C00192,2025-11-08 23:40:18,PLACED,SOUTH
O000084,C00190,2026-02-12 17:57:34,DELIVERED,NORTH
O000085,C00259,2025-10-11 12:59:02,DELIVERED,EAST
O000086,C00043,2025-04-04 19:00:01,DELIVERED,SOUTH
O000087,C00577,2025-06-10 19:17:41,DELIVERED,WEST
O000088,C00305,2025-01-11 12:46:08,DELIVERED,CENTRAL
O000089,C00572,2026-07-19 20:37:42,SHIPPED,EAST
O000090,C00427,2026-04-15 18:53:45,PLACED,CENTRAL
O000091,C00244,2025-11-27 07:57:46,DELIVERED,EAST
O000092,C00256,2025-03-05 18:19:01,DELIVERED,SOUTH
O000093,C00256,2025-02-13 05:15:05,DELIVERED,SOUTH
O000094,C00426,2026-03-08 23:27:34,RETURNED,SOUTH
O000095,C00159,2025-09-15 00:45:05,RETURNED,NORTH
O000096,C00545,2026-04-06 05:49:53,CANCELLED,CENTRAL
O000097,C00585,2025-01-13 00:03:30,RETURNED,WEST
O000098,C00529,2025-01-04 06:59:13,DELIVERED,EAST
O000099,C00204,2025-03-10 03:04:46,DELIVERED,WEST
O000100,,2025-03-13 19:55:02,SHIPPED,WEST
O000101,C00376,2025-01-06 20:18:25,DELIVERED,SOUTH
O000102,C00486,2025-12-21 13:21:13,PLACED,CENTRAL
O000103,C00006,2025-09-07 13:20:52,DELIVERED,SOUTH
O000104,C00497,2026-04-08 21:12:00,DELIVERED,EAST
O000105,C00512,2026-07-05 07:47:29,PLACED,CENTRAL
O000106,C00353,2025-02-16 23:54:27,SHIPPED,SOUTH
O000107,C00372,2025-10-25 13:14:51,PLACED,CENTRAL
O000108,C00598,2025-12-29 03:07:51,CANCELLED,CENTRAL
O000109,C00253,2025-08-03 15:16:48,DELIVERED,EAST
O000110,C00125,2025-11-13 08:37:05,PLACED,SOUTH
O000111,C00109,2025-05-16 22:34:43,DELIVERED,NORTH
O000112,C00559,2025-07-29 12:37:29,RETURNED,WEST
O000113,C00489,2026-01-12 20:32:49,SHIPPED,NORTH
O000114,C00081,2025-04-13 17:28:47,DELIVERED,SOUTH
O000115,C00307,2026-07-13 13:02:10,SHIPPED,WEST
O000116,C00085,2025-10-24 23:33:50,DELIVERED,WEST
O000117,C00391,2025-04-30 06:46:05,PLACED,SOUTH
O000118,C00484,2026-06-09 20:47:17,SHIPPED,WEST
O000119,C00512,2025-10-31 00:58:49,DELIVERED,CENTRAL
O000120,,2025-07-05 03:50:00,PLACED,WEST
O000121,C00398,2026-06-14 03:13:39,SHIPPED,CENTRAL
O000122,C00185,2025-11-22 22:20:34,DELIVERED,SOUTH
O000123,C00198,2026-05-28 18:56:42,DELIVERED,EAST
O000124,C00211,2025-12-04 05:34:21,CANCELLED,SOUTH
O000125,C00279,2025-08-16 20:10:37,SHIPPED,WEST
O000126,C00164,2025-03-06 21:06:46,DELIVERED,EAST
O000127,C00373,2025-04-30 07:19:16,SHIPPED,SOUTH
O000128,C00378,2026-06-09 20:12:24,DELIVERED,WEST
O000129,C00491,2025-04-19 00:20:32,DELIVERED,CENTRAL
O000130,C00457,2025-03-12 09:07:41,DELIVERED,WEST
O000131,C00330,2025-04-20 17:28:44,DELIVERED,NORTH
O000132,C00544,2025-07-10 17:43:28,SHIPPED,WEST
O000133,C00201,2026-06-09 06:35:38,DELIVERED,WEST
O000134,C00212,2025-06-23 05:46:06,DELIVERED,WEST
O000135,C00305,2025-10-15 20:14:40,PLACED,WEST
O000136,C00007,2026-04-17 23:58:25,DELIVERED,EAST
O000137,C00424,2025-06-18 19:42:09,PLACED,EAST
O000138,C00585,2025-10-15 11:59:19,DELIVERED,NORTH
O000139,C00221,2026-01-23 00:40:29,DELIVERED,SOUTH
O000140,,2026-02-01 19:33:00,DELIVERED,WEST
O000141,C00062,2025-02-16 04:44:13,PLACED,WEST
O000142,C00396,2026-06-01 02:18:32,DELIVERED,WEST
O000143,C00215,2025-05-10 14:09:27,PLACED,CENTRAL
O000144,C00553,2026-02-04 10:28:01,DELIVERED,CENTRAL
O000145,C00223,2026-03-28 07:48:48,DELIVERED,SOUTH
O000146,C00394,2025-03-08 00:43:21,DELIVERED,CENTRAL
O000147,C00462,2025-02-17 23:12:43,PLACED,CENTRAL
O000148,C00456,2025-04-05 20:02:44,DELIVERED,EAST
O000149,C00565,2025-08-20 20:37:55,DELIVERED,NORTH
O000150,C00437,2026-03-02 02:01:35,CANCELLED,NORTH
O000151,C00030,2025-05-01 12:34:02,PLACED,SOUTH
O000152,C00242,2026-01-10 22:14:24,DELIVERED,WEST
O000153,C00013,2025-06-04 16:17:40,DELIVERED,WEST
O000154,C00017,2025-10-18 06:55:52,PLACED,CENTRAL
O000155,C00540,2026-01-15 17:36:23,DELIVERED,SOUTH
O000156,C00291,2026-06-22 17:05:20,DELIVERED,SOUTH
O000157,C00246,2025-08-12 23:37:47,PLACED,WEST
O000158,C00555,2025-09-17 09:17:00,DELIVERED,SOUTH
O000159,C00335,2025-06-28 12:18:50,DELIVERED,NORTH
O000160,,2026-04-26 11:03:52,DELIVERED,NORTH
O000161,C00365,2025-12-11 14:42:05,SHIPPED,SOUTH
O000162,C00256,2025-12-23 12:11:19,DELIVERED,WEST
O000163,C00250,2025-02-07 18:10:18,PLACED,NORTH
O000164,C00350,2025-05-15 17:26:50,DELIVERED,NORTH
O000165,C00028,2025-04-13 10:20:28,DELIVERED,SOUTH
O000166,C00441,2026-05-07 12:26:23,PLACED,EAST
O000167,C00576,2025-12-17 10:38:11,CANCELLED,EAST
O000168,C00200,2026-02-21 14:04:19,SHIPPED,EAST
O000169,C00093,2025-12-15 09:50:48,DELIVERED,CENTRAL
O000170,C00046,2026-06-07 15:43:13,SHIPPED,SOUTH
O000171,C00166,2025-07-07 09:08:08,DELIVERED,EAST
O000172,C00379,2026-01-28 04:07:26,SHIPPED,WEST
O000173,C00006,2025-07-11 01:48:08,DELIVERED,SOUTH
O000174,C00482,2026-05-15 18:04:08,SHIPPED,WEST
O000175,C00020,2025-01-08 23:08:48,PLACED,NORTH
O000176,C00454,2025-02-15 09:15:24,PLACED,SOUTH
O000177,C00187,2026-01-21 03:49:15,RETURNED,NORTH
O000178,C00307,2025-05-31 22:35:21,PLACED,CENTRAL
O000179,C00478,2026-01-14 05:27:00,PLACED,SOUTH
O000180,,2026-01-05 05:15:44,SHIPPED,WEST
O000181,C00117,2025-05-08 09:45:30,DELIVERED,WEST
O000182,C00404,2026-03-03 06:29:10,RETURNED,CENTRAL
O000183,C00537,2026-07-19 17:17:20,DELIVERED,NORTH
O000184,C00093,2026-07-10 08:14:43,PLACED,WEST
O000185,C00519,2025-12-06 21:54:20,DELIVERED,CENTRAL
O000186,C00188,2025-05-15 07:35:31,SHIPPED,EAST
O000187,C00409,2025-04-03 11:14:59,PLACED,EAST
O000188,C00249,2026-03-26 05:13:28,CANCELLED,EAST
O000189,C00394,2025-11-15 18:35:29,DELIVERED,WEST
O000190,C00276,2026-03-29 05:14:16,DELIVERED,NORTH
O000191,C00034,2025-12-21 04:57:51,PLACED,WEST
O000192,C00458,2026-07-21 13:36:18,RETURNED,CENTRAL
O000193,C00184,2025-01-01 01:13:27,PLACED,EAST
O000194,C00516,2026-06-16 04:42:53,DELIVERED,SOUTH
O000195,C00224,2025-01-22 03:14:15,DELIVERED,NORTH
O000196,C00141,2025-02-20 16:54:38,DELIVERED,SOUTH
O000197,C00232,2026-04-02 20:22:25,DELIVERED,WEST
O000198,C00042,2026-05-27 14:36:56,DELIVERED,SOUTH
O000199,C00506,2026-04-23 04:33:26,DELIVERED,WEST
O000200,,2026-05-03 01:50:57,DELIVERED,CENTRAL
O000201,C00554,2025-08-18 16:14:27,DELIVERED,SOUTH
O000202,C00043,2025-12-22 19:52:58,SHIPPED,NORTH
O000203,C00082,2026-05-25 12:47:03,DELIVERED,CENTRAL
O000204,C00368,2025-08-25 03:47:22,SHIPPED,WEST
O000205,C00121,2026-06-12 06:37:28,SHIPPED,SOUTH
O000206,C00298,2025-08-15 10:13:46,DELIVERED,EAST
O000207,C00123,2026-05-23 17:49:10,CANCELLED,SOUTH
O000208,C00526,2025-11-20 14:23:24,DELIVERED,NORTH
O000209,C00362,2025-02-24 02:54:38,PLACED,CENTRAL
O000210,C00196,2026-03-09 13:08:41,DELIVERED,NORTH
O000211,C00143,2026-02-06 15:50:10,PLACED,CENTRAL
O000212,C00496,2025-03-24 06:01:12,DELIVERED,WEST
O000213,C00134,2026-05-12 09:30:46,DELIVERED,CENTRAL
O000214,C00024,2025-11-30 19:43:11,DELIVERED,NORTH
O000215,C00074,2025-01-19 06:33:36,DELIVERED,WEST
O000216,C00056,2025-11-13 22:17:26,PLACED,NORTH
O000217,C00461,2025-08-13 00:19:19,DELIVERED,NORTH
O000218,C00403,2026-04-06 19:28:40,PLACED,WEST
O000219,C00225,2026-03-21 16:51:05,PLACED,NORTH
O000220,,2026-02-16 18:52:19,SHIPPED,WEST
O000221,C00240,2025-11-06 18:12:35,DELIVERED,CENTRAL
O000222,C00586,2025-09-07 03:56:30,SHIPPED,CENTRAL
O000223,C00075,2025-03-17 13:30:07,SHIPPED,SOUTH
O000224,C00370,2025-11-26 03:55:26,DELIVERED,SOUTH
O000225,C00275,2026-02-11 14:24:51,DELIVERED,SOUTH
O000226,C00296,2025-11-06 17:24:05,PLACED,CENTRAL
O000227,C00383,2026-07-08 01:17:16,DELIVERED,WEST
O000228,C00451,2026-03-21 18:18:36,DELIVERED,EAST
O000229,C00032,2025-08-31 19:18:17,PLACED,WEST
O000230,C00222,2025-05-27 22:51:52,DELIVERED,WEST
O000231,C00070,2026-01-02 10:47:55,DELIVERED,NORTH
O000232,C00444,2025-03-01 22:35:22,PLACED,NORTH
O000233,C00063,2025-06-05 23:03:53,PLACED,SOUTH
O000234,C00599,2026-04-21 05:17:50,PLACED,EAST
O000235,C00136,2026-07-20 13:07:13,CANCELLED,CENTRAL
O000236,C00415,2026-05-06 03:35:41,RETURNED,WEST
O000237,C00381,2025-08-17 12:12:39,PLACED,CENTRAL
O000238,C00348,2025-01-15 04:47:25,CANCELLED,CENTRAL
O000239,C00020,2025-07-26 19:53:44,RETURNED,EAST
O000240,,2025-11-05 09:28:49,PLACED,EAST
O000241,C00525,2025-11-06 02:06:01,RETURNED,CENTRAL
O000242,C00485,2025-07-23 13:33:31,PLACED,CENTRAL
O000243,C00366,2026-02-05 16:58:20,CANCELLED,CENTRAL
O000244,C00238,2025-07-08 22:33:11,SHIPPED,SOUTH
O000245,C00451,2025-08-21 10:46:51,PLACED,NORTH
O000246,C00270,2025-01-01 07:22:17,DELIVERED,EAST
O000247,C00543,2025-05-18 10:11:01,RETURNED,SOUTH
O000248,C00496,2026-05-10 21:37:32,SHIPPED,CENTRAL
O000249,C00506,2025-11-16 21:20:16,DELIVERED,SOUTH
O000250,C00513,2025-08-20 14:05:27,CANCELLED,CENTRAL
O000251,C00502,2026-01-07 23:19:55,CANCELLED,SOUTH
O000252,C00497,2026-03-10 12:00:11,DELIVERED,SOUTH
O000253,C00379,2026-04-14 15:44:40,DELIVERED,EAST
O000254,C00474,2026-02-17 06:18:06,PLACED,SOUTH
O000255,C00511,2026-04-06 14:22:35,CANCELLED,NORTH
O000256,C00564,2026-04-18 07:39:07,DELIVERED,WEST
O000257,C00517,2025-01-08 14:45:32,DELIVERED,SOUTH
O000258,C00348,2025-08-21 06:02:44,DELIVERED,NORTH
O000259,C00365,2026-02-13 02:09:55,CANCELLED,CENTRAL
O000260,,2025-05-23 19:22:52,DELIVERED,CENTRAL
O000261,C00479,2026-02-03 10:43:39,DELIVERED,EAST
O000262,C00322,2025-01-09 19:22:15,SHIPPED,SOUTH
O000263,C00129,2025-02-08 08:28:26,CANCELLED,WEST
O000264,C00531,2025-11-03 11:24:30,PLACED,CENTRAL
O000265,C00375,2025-01-11 13:00:22,PLACED,EAST
O000266,C00288,2025-08-25 03:30:12,RETURNED,NORTH
O000267,C00555,2025-02-03 14:49:13,SHIPPED,EAST
O000268,C00468,2025-01-20 02:49:08,PLACED,CENTRAL
O000269,C00169,2025-06-14 04:35:25,CANCELLED,WEST
O000270,C00054,2025-09-20 19:38:57,SHIPPED,EAST
O000271,C00159,2025-03-23 02:06:22,SHIPPED,NORTH
O000272,C00427,2025-10-13 08:38:15,PLACED,SOUTH
O000273,C00306,2025-02-08 07:51:41,DELIVERED,EAST
O000274,C00020,2025-05-29 04:56:43,DELIVERED,SOUTH
O000275,C00394,2026-06-07 21:59:42,DELIVERED,EAST
O000276,C00357,2025-09-12 18:56:59,DELIVERED,SOUTH
O000277,C00595,2025-02-26 10:03:43,DELIVERED,EAST
O000278,C00419,2025-07-06 05:59:56,PLACED,CENTRAL
O000279,C00546,2025-06-21 21:46:00,SHIPPED,SOUTH
O000280,,2026-04-28 01:43:27,DELIVERED,SOUTH
O000281,C00169,2025-01-02 13:15:40,DELIVERED,NORTH
O000282,C00280,2025-04-22 05:57:34,CANCELLED,SOUTH
O000283,C00112,2025-01-26 22:54:16,RETURNED,CENTRAL
O000284,C00540,2026-01-18 05:51:10,RETURNED,CENTRAL
O000285,C00003,2025-01-18 04:47:34,SHIPPED,EAST
O000286,C00578,2026-06-06 08:14:21,CANCELLED,WEST
O000287,C00027,2025-08-29 17:49:42,RETURNED,CENTRAL
O000288,C00297,2025-04-23 14:13:05,DELIVERED,EAST
O000289,C00392,2025-09-16 21:35:46,DELIVERED,SOUTH
O000290,C00082,2025-05-19 22:53:41,PLACED,EAST
O000291,C00011,2026-01-22 19:28:48,DELIVERED,CENTRAL
O000292,C00041,2025-10-05 20:03:54,SHIPPED,CENTRAL
O000293,C00331,2025-05-19 01:50:42,DELIVERED,SOUTH
O000294,C00546,2025-10-23 02:15:40,DELIVERED,SOUTH
O000295,C00113,2026-04-17 23:44:46,PLACED,SOUTH
O000296,C00038,2025-10-26 12:16:19,PLACED,NORTH
O000297,C00318,2025-07-22 15:38:28,DELIVERED,SOUTH
O000298,C00515,2026-04-30 02:27:58,RETURNED,EAST
O000299,C00424,2025-08-11 14:47:16,DELIVERED,CENTRAL
O000300,,2025-12-05 02:19:13,PLACED,WEST
O000301,C00361,2026-01-13 23:28:06,SHIPPED,CENTRAL
O000302,C00584,2026-01-02 03:51:00,DELIVERED,EAST
O000303,C00457,2025-12-27 10:38:16,PLACED,EAST
O000304,C00385,2025-01-08 00:57:53,SHIPPED,EAST
O000305,C00454,2026-02-07 21:04:49,PLACED,NORTH
O000306,C00465,2025-03-15 15:29:42,CANCELLED,NORTH
O000307,C00085,2026-07-22 06:02:06,PLACED,SOUTH
O000308,C00586,2025-02-10 08:31:30,DELIVERED,NORTH
O000309,C00511,2026-03-06 01:16:49,DELIVERED,SOUTH
O000310,C00325,2025-08-23 04:54:43,DELIVERED,EAST
O000311,C00443,2026-01-27 20:23:09,PLACED,CENTRAL
O000312,C00250,2025-12-01 08:53:13,DELIVERED,CENTRAL
O000313,C00105,2025-12-17 22:14:25,DELIVERED,EAST
O000314,C00359,2026-02-04 08:55:37,DELIVERED,NORTH
O000315,C00136,2025-07-16 04:41:00,DELIVERED,EAST
O000316,C00143,2025-10-22 09:40:57,DELIVERED,SOUTH
O000317,C00336,2026-06-26 13:25:28,RETURNED,EAST
O000318,C00290,2025-05-28 02:18:31,RETURNED,EAST
O000319,C00590,2026-03-18 22:14:24,DELIVERED,WEST
O000320,,2025-09-20 12:23:32,DELIVERED,SOUTH
O000321,C00474,2025-08-27 23:25:38,PLACED,NORTH
O000322,C00110,2025-10-26 07:27:42,CANCELLED,SOUTH
O000323,C00359,2025-09-08 03:58:20,DELIVERED,EAST
O000324,C00149,2025-11-09 05:09:04,DELIVERED,EAST
O000325,C00430,2025-01-15 08:37:03,CANCELLED,CENTRAL
O000326,C00259,2025-06-12 14:05:13,DELIVERED,CENTRAL
O000327,C00194,2026-02-11 13:56:05,SHIPPED,CENTRAL
O000328,C00267,2025-08-21 15:43:06,PLACED,NORTH
O000329,C00439,2025-05-02 03:30:45,SHIPPED,CENTRAL
O000330,C00491,2026-07-15 20:42:44,PLACED,EAST
O000331,C00188,2025-04-09 23:02:13,PLACED,EAST
O000332,C00391,2026-06-24 00:38:42,PLACED,NORTH
O000333,C00201,2025-04-27 05:31:17,RETURNED,EAST
O000334,C00310,2025-11-10 12:36:08,PLACED,WEST
O000335,C00122,2025-11-09 00:07:45,SHIPPED,EAST
O000336,C00489,2025-09-05 02:12:40,PLACED,CENTRAL
O000337,C00004,2025-10-06 20:26:09,CANCELLED,CENTRAL
O000338,C00493,2025-01-01 13:43:35,DELIVERED,EAST
O000339,C00184,2025-09-20 23:20:10,PLACED,NORTH
O000340,,2025-08-17 08:12:48,DELIVERED,SOUTH
O000341,C00294,2025-08-13 15:41:03,DELIVERED,NORTH
O000342,C00137,2026-06-06 23:38:14,PLACED,EAST
O000343,C00479,2026-07-28 06:09:44,SHIPPED,EAST
O000344,C00558,2025-05-04 17:43:25,SHIPPED,CENTRAL
O000345,C00511,2025-02-03 17:54:03,PLACED,NORTH
O000346,C00143,2025-07-03 22:02:13,SHIPPED,WEST
O000347,C00053,2025-05-14 19:50:37,DELIVERED,WEST
O000348,C00309,2026-04-13 19:14:23,DELIVERED,WEST
O000349,C00077,2026-03-13 17:34:43,PLACED,SOUTH
O000350,C00344,2025-10-22 16:34:43,PLACED,NORTH
O000351,C00580,2025-03-03 18:53:59,RETURNED,WEST
O000352,C00142,2026-04-14 19:52:02,SHIPPED,CENTRAL
O000353,C00488,2025-06-10 00:46:48,PLACED,EAST
O000354,C00029,2026-06-17 12:03:37,PLACED,SOUTH
O000355,C00373,2026-05-10 11:50:57,SHIPPED,NORTH
O000356,C00215,2025-10-09 05:44:17,PLACED,CENTRAL
O000357,C00134,2026-05-28 08:44:02,RETURNED,CENTRAL
O000358,C00475,2026-03-15 14:07:26,SHIPPED,NORTH
O000359,C00578,2025-05-25 02:32:15,DELIVERED,NORTH
O000360,,2025-10-18 21:20:35,DELIVERED,WEST
O000361,C00048,2026-02-04 12:01:52,DELIVERED,NORTH
O000362,C00193,2025-08-15 19:18:22,DELIVERED,EAST
O000363,C00249,2025-07-13 01:24:47,DELIVERED,EAST
O000364,C00071,2025-02-24 01:13:38,DELIVERED,WEST
O000365,C00323,2026-04-19 23:24:36,RETURNED,NORTH
O000366,C00517,2025-11-16 06:00:48,DELIVERED,SOUTH
O000367,C00431,2025-02-06 19:18:54,DELIVERED,NORTH
O000368,C00110,2026-04-03 21:39:12,CANCELLED,EAST
O000369,C00197,2025-05-20 04:16:23,DELIVERED,EAST
O000370,C00376,2026-03-16 11:06:05,DELIVERED,WEST
O000371,C00177,2026-06-09 19:42:44,DELIVERED,WEST
O000372,C00436,2025-11-01 09:37:29,PLACED,CENTRAL
O000373,C00393,2025-07-26 13:32:47,DELIVERED,WEST
O000374,C00455,2025-11-25 15:06:10,DELIVERED,EAST
O000375,C00333,2025-04-25 02:41:51,SHIPPED,WEST
O000376,C00087,2025-11-23 19:53:29,DELIVERED,EAST
O000377,C00417,2025-05-10 20:46:03,DELIVERED,WEST
O000378,C00385,2025-08-14 20:57:04,SHIPPED,SOUTH
O000379,C00304,2025-01-26 05:44:49,SHIPPED,NORTH
O000380,,2025-02-12 07:38:21,DELIVERED,NORTH
O000381,C00494,2025-05-16 10:27:35,DELIVERED,EAST
O000382,C00153,2025-01-23 22:10:50,PLACED,NORTH
O000383,C00097,2026-01-10 02:32:45,PLACED,EAST
O000384,C00332,2025-09-14 00:01:05,DELIVERED,SOUTH
O000385,C00226,2025-05-31 04:29:06,DELIVERED,NORTH
O000386,C00441,2026-07-28 18:26:58,PLACED,EAST
O000387,C00183,2025-07-22 19:47:37,SHIPPED,SOUTH
O000388,C00210,2026-06-29 04:59:13,PLACED,SOUTH
O000389,C00261,2026-06-20 08:42:15,PLACED,CENTRAL
O000390,C00493,2025-06-28 20:20:18,RETURNED,SOUTH
O000391,C00062,2025-06-15 17:09:45,DELIVERED,EAST
O000392,C00198,2025-01-31 18:10:38,DELIVERED,NORTH
O000393,C00531,2026-05-06 15:16:08,PLACED,SOUTH
O000394,C00210,2025-01-09 00:53:31,DELIVERED,WEST
O000395,C00501,2025-06-02 05:14:57,DELIVERED,EAST
O000396,C00584,2025-05-20 14:36:21,DELIVERED,WEST
O000397,C00236,2025-08-19 08:54:39,DELIVERED,CENTRAL
O000398,C00232,2025-03-16 22:46:56,PLACED,CENTRAL
O000399,C00329,2025-11-21 15:14:12,DELIVERED,EAST
O000400,,2026-03-12 01:30:43,DELIVERED,NORTH
O000401,C00547,2025-07-27 02:11:42,DELIVERED,WEST
O000402,C00387,2025-11-18 08:30:51,PLACED,SOUTH
O000403,C00348,2026-02-22 07:25:42,DELIVERED,WEST
O000404,C00309,2025-03-10 11:58:28,SHIPPED,CENTRAL
O000405,C00200,2026-03-10 18:08:46,PLACED,NORTH
O000406,C00404,2025-03-14 11:15:20,DELIVERED,EAST
O000407,C00300,2025-12-03 14:18:42,PLACED,EAST
O000408,C00333,2025-12-21 11:19:27,PLACED,CENTRAL
O000409,C00182,2026-01-04 14:27:35,SHIPPED,EAST
O000410,C00510,2026-05-17 08:42:20,PLACED,SOUTH
O000411,C00381,2026-06-10 19:57:11,PLACED,SOUTH
O000412,C00348,2026-05-02 22:55:13,SHIPPED,EAST
O000413,C00369,2026-04-06 16:35:58,DELIVERED,SOUTH
O000414,C00416,2026-02-19 03:01:41,DELIVERED,EAST
O000415,C00533,2025-10-13 08:05:04,DELIVERED,CENTRAL
O000416,C00297,2025-09-24 17:30:55,DELIVERED,WEST
O000417,C00527,2026-07-22 22:48:22,DELIVERED,NORTH
O000418,C00005,2026-01-14 12:45:03,DELIVERED,SOUTH
O000419,C00147,2026-05-04 14:04:41,DELIVERED,WEST
O000420,,2026-04-10 02:11:33,DELIVERED,EAST
O000421,C00466,2026-07-22 15:02:42,DELIVERED,WEST
O000422,C00132,2025-06-25 00:28:47,DELIVERED,CENTRAL
O000423,C00286,2025-05-30 00:14:56,DELIVERED,SOUTH
O000424,C00304,2025-05-29 06:39:32,DELIVERED,NORTH
O000425,C00314,2025-11-23 06:07:34,DELIVERED,WEST
O000426,C00568,2026-04-24 13:55:46,DELIVERED,SOUTH
O000427,C00534,2026-04-09 04:03:46,RETURNED,CENTRAL
O000428,C00248,2026-02-07 21:59:35,DELIVERED,SOUTH
O000429,C00082,2025-01-21 14:51:48,DELIVERED,EAST
O000430,C00215,2025-11-15 07:47:40,DELIVERED,SOUTH
O000431,C00216,2025-01-11 04:15:57,DELIVERED,CENTRAL
O000432,C00203,2025-02-27 20:32:58,DELIVERED,SOUTH
O000433,C00303,2025-12-13 14:44:47,DELIVERED,NORTH
O000434,C00337,2025-02-13 00:10:18,DELIVERED,CENTRAL
O000435,C00254,2025-07-07 01:15:26,RETURNED,SOUTH
O000436,C00582,2026-01-30 10:21:18,PLACED,CENTRAL
O000437,C00401,2025-03-15 13:07:52,PLACED,CENTRAL
O000438,C00313,2025-05-20 06:51:52,CANCELLED,EAST
O000439,C00443,2025-04-18 22:56:40,PLACED,SOUTH
O000440,,2025-10-02 14:22:45,DELIVERED,NORTH
O000441,C00244,2026-04-15 03:13:40,CANCELLED,CENTRAL
O000442,C00151,2025-12-06 07:50:33,CANCELLED,SOUTH
O000443,C00281,2025-06-18 13:49:04,RETURNED,EAST
O000444,C00223,2025-07-28 17:54:21,DELIVERED,WEST
O000445,C00523,2026-01-27 19:40:18,SHIPPED,CENTRAL
O000446,C00232,2025-05-03 07:35:23,DELIVERED,SOUTH
O000447,C00091,2026-06-05 09:32:06,SHIPPED,NORTH
O000448,C00231,2025-08-02 00:24:35,PLACED,NORTH
O000449,C00342,2025-01-18 14:11:48,SHIPPED,WEST
O000450,C00064,2025-02-28 06:59:59,RETURNED,WEST
O000451,C00270,2025-03-22 18:40:13,CANCELLED,NORTH
O000452,C00514,2026-02-02 07:22:59,DELIVERED,SOUTH
O000453,C00554,2026-02-19 01:18:56,RETURNED,CENTRAL
O000454,C00420,2025-03-10 14:02:05,RETURNED,SOUTH
O000455,C00403,2025-02-06 14:32:45,PLACED,EAST
O000456,C00042,2026-06-24 18:28:06,DELIVERED,CENTRAL
O000457,C00046,2025-01-20 08:16:39,RETURNED,NORTH
O000458,C00199,2025-04-07 03:51:48,DELIVERED,SOUTH
O000459,C00447,2026-04-27 17:26:01,CANCELLED,WEST
O000460,,2025-07-22 07:53:11,PLACED,SOUTH
O000461,C00006,2026-04-27 18:40:36,PLACED,WEST
O000462,C00043,2026-03-22 15:48:11,SHIPPED,CENTRAL
O000463,C00200,2026-01-31 18:38:40,RETURNED,SOUTH
O000464,C00189,2026-02-05 12:02:58,DELIVERED,EAST
O000465,C00472,2026-06-26 23:24:09,RETURNED,NORTH
O000466,C00200,2025-11-12 07:05:45,PLACED,EAST
O000467,C00210,2025-01-07 02:08:25,DELIVERED,SOUTH
O000468,C00198,2025-01-19 10:37:04,CANCELLED,CENTRAL
O000469,C00164,2026-03-13 05:33:34,DELIVERED,SOUTH
O000470,C00470,2025-11-30 20:33:41,DELIVERED,SOUTH
O000471,C00245,2025-06-22 03:39:28,DELIVERED,SOUTH
O000472,C00062,2026-07-02 13:05:14,DELIVERED,CENTRAL
O000473,C00106,2026-06-30 19:55:46,PLACED,NORTH
O000474,C00423,2026-07-15 19:24:34,CANCELLED,SOUTH
O000475,C00370,2025-09-03 12:18:12,DELIVERED,CENTRAL
O000476,C00550,2026-03-17 14:34:56,SHIPPED,NORTH
O000477,C00584,2025-03-20 09:22:23,DELIVERED,EAST
O000478,C00313,2025-03-24 08:36:03,SHIPPED,NORTH
O000479,C00154,2025-04-24 22:17:16,SHIPPED,EAST
O000480,,2025-04-06 23:02:47,PLACED,WEST
O000481,C00356,2025-07-01 07:48:55,DELIVERED,WEST
O000482,C00343,2026-05-08 16:20:01,CANCELLED,WEST
O000483,C00530,2026-05-30 16:27:02,DELIVERED,SOUTH
O000484,C00448,2025-11-08 10:23:19,DELIVERED,EAST
O000485,C00095,2026-07-25 08:46:38,DELIVERED,CENTRAL
O000486,C00253,2026-01-09 11:19:49,CANCELLED,CENTRAL
O000487,C00230,2025-11-23 06:36:21,CANCELLED,EAST
O000488,C00580,2026-04-22 01:14:52,CANCELLED,CENTRAL
O000489,C00109,2026-03-15 11:33:27,DELIVERED,EAST
O000490,C00539,2025-01-09 10:32:50,DELIVERED,SOUTH
O000491,C00052,2025-06-26 08:16:15,SHIPPED,NORTH
O000492,C00235,2025-09-12 17:56:12,SHIPPED,WEST
O000493,C00083,2025-03-01 00:41:15,CANCELLED,NORTH
O000494,C00347,2025-04-30 03:12:07,SHIPPED,NORTH
O000495,C00001,2025-05-22 15:22:28,PLACED,CENTRAL
O000496,C00393,2025-04-23 05:06:03,SHIPPED,CENTRAL
O000497,C00410,2026-01-20 08:02:45,CANCELLED,WEST
O000498,C00482,2025-06-28 05:11:41,SHIPPED,CENTRAL
O000499,C00425,2026-02-20 19:02:07,PLACED,EAST
O000500,,2026-05-05 13:10:18,DELIVERED,CENTRAL
O000501,C00160,2026-02-06 21:04:36,DELIVERED,EAST
O000502,C00116,2026-07-29 05:36:59,DELIVERED,CENTRAL
O000503,C00290,2026-06-15 01:54:43,DELIVERED,NORTH
O000504,C00378,2026-04-23 08:17:13,DELIVERED,CENTRAL
O000505,C00495,2025-05-19 18:24:04,DELIVERED,CENTRAL
O000506,C00498,2025-08-12 14:02:30,PLACED,NORTH
O000507,C00410,2026-07-26 07:37:47,PLACED,SOUTH
O000508,C00510,2025-12-06 13:15:32,CANCELLED,CENTRAL
O000509,C00399,2025-12-20 12:24:58,SHIPPED,EAST
O000510,C00141,2026-04-26 13:34:11,CANCELLED,EAST
O000511,C00392,2025-10-10 20:48:34,DELIVERED,SOUTH
O000512,C00473,2026-04-19 17:01:31,PLACED,NORTH
O000513,C00588,2026-06-06 04:59:34,DELIVERED,NORTH
O000514,C00018,2025-07-09 13:14:39,PLACED,NORTH
O000515,C00083,2026-01-07 13:36:48,DELIVERED,SOUTH
O000516,C00219,2025-01-20 07:17:02,RETURNED,NORTH
O000517,C00344,2025-07-22 09:11:46,DELIVERED,WEST
O000518,C00115,2025-11-25 15:14:18,DELIVERED,SOUTH
O000519,C00306,2025-12-23 10:34:01,DELIVERED,EAST
O000520,,2026-01-15 07:42:47,PLACED,WEST
O000521,C00217,2025-03-29 06:02:00,PLACED,CENTRAL
O000522,C00303,2026-07-14 23:59:21,DELIVERED,NORTH
O000523,C00404,2025-10-25 19:59:16,CANCELLED,NORTH
O000524,C00267,2025-05-02 02:54:30,SHIPPED,CENTRAL
O000525,C00469,2025-04-30 13:40:27,SHIPPED,CENTRAL
O000526,C00520,2025-05-30 16:01:35,SHIPPED,NORTH
O000527,C00109,2026-02-24 16:06:18,DELIVERED,CENTRAL
O000528,C00103,2026-02-12 18:53:01,CANCELLED,WEST
O000529,C00076,2025-08-03 14:38:12,SHIPPED,SOUTH
O000530,C00262,2025-09-16 07:08:52,RETURNED,SOUTH
O000531,C00102,2025-03-29 17:19:06,DELIVERED,NORTH
O000532,C00025,2026-04-15 00:22:05,DELIVERED,EAST
O000533,C00106,2026-05-07 02:15:49,DELIVERED,NORTH
O000534,C00199,2026-04-25 07:55:23,SHIPPED,NORTH
O000535,C00240,2025-07-24 05:39:49,SHIPPED,NORTH
O000536,C00248,2026-04-17 01:45:25,DELIVERED,CENTRAL
O000537,C00241,2025-06-07 13:38:07,SHIPPED,NORTH
O000538,C00384,2025-11-11 02:23:54,SHIPPED,CENTRAL
O000539,C00169,2026-03-30 06:46:11,DELIVERED,NORTH
O000540,,2025-12-13 18:01:26,DELIVERED,CENTRAL
O000541,C00156,2025-01-16 21:13:33,PLACED,WEST
O000542,C00163,2025-08-27 10:20:22,PLACED,WEST
O000543,C00371,2025-08-30 15:37:07,DELIVERED,EAST
O000544,C00061,2025-03-08 03:02:36,DELIVERED,NORTH
O000545,C00069,2026-01-11 00:08:38,SHIPPED,NORTH
O000546,C00215,2025-02-08 17:50:10,SHIPPED,SOUTH
O000547,C00009,2025-05-13 05:10:25,PLACED,NORTH
O000548,C00017,2025-10-01 08:57:03,DELIVERED,EAST
O000549,C00262,2026-06-14 09:06:36,DELIVERED,EAST
O000550,C00121,2026-04-14 20:13:49,SHIPPED,WEST
O000551,C00533,2025-12-01 22:30:04,SHIPPED,CENTRAL
O000552,C00132,2025-03-17 00:42:48,PLACED,NORTH
O000553,C00161,2026-02-09 07:20:26,SHIPPED,WEST
O000554,C00220,2025-05-20 03:09:18,CANCELLED,SOUTH
O000555,C00572,2025-10-02 19:46:04,DELIVERED,NORTH
O000556,C00225,2025-05-10 08:07:02,DELIVERED,NORTH
O000557,C00090,2026-01-11 21:56:02,DELIVERED,WEST
O000558,C00247,2026-02-01 07:51:48,PLACED,NORTH
O000559,C00475,2025-01-29 02:40:58,DELIVERED,CENTRAL
O000560,,2025-02-27 02:22:22,PLACED,NORTH
O000561,C00580,2025-02-09 14:40:39,PLACED,EAST
O000562,C00303,2026-04-08 21:41:27,DELIVERED,SOUTH
O000563,C00437,2026-01-02 07:51:48,PLACED,EAST
O000564,C00373,2026-05-09 05:11:35,SHIPPED,EAST
O000565,C00585,2026-06-04 20:51:32,CANCELLED,CENTRAL
O000566,C00339,2025-11-14 15:27:33,DELIVERED,WEST
O000567,C00309,2025-03-31 04:16:54,SHIPPED,SOUTH
O000568,C00579,2025-12-11 01:02:24,DELIVERED,NORTH
O000569,C00234,2026-05-20 16:12:12,DELIVERED,CENTRAL
O000570,C00414,2025-07-21 15:42:21,DELIVERED,EAST
O000571,C00168,2026-06-13 15:52:54,PLACED,NORTH
O000572,C00449,2026-01-16 06:57:20,DELIVERED,EAST
O000573,C00495,2025-02-14 17:08:04,PLACED,CENTRAL
O000574,C00594,2025-02-09 19:52:56,DELIVERED,EAST
O000575,C00041,2025-03-30 23:20:53,CANCELLED,NORTH
O000576,C00130,2025-05-21 15:36:28,DELIVERED,NORTH
O000577,C00492,2025-05-22 13:00:55,SHIPPED,SOUTH
O000578,C00579,2026-06-03 01:35:26,DELIVERED,NORTH
O000579,C00367,2025-06-09 11:09:27,DELIVERED,CENTRAL
O000580,,2026-05-15 12:10:34,SHIPPED,WEST
O000581,C00234,2025-04-13 03:55:31,SHIPPED,NORTH
O000582,C00308,2026-05-24 08:36:46,RETURNED,CENTRAL
O000583,C00446,2025-03-15 11:31:35,DELIVERED,WEST
O000584,C00059,2025-03-20 05:09:10,RETURNED,SOUTH
O000585,C00509,2025-09-24 16:23:27,DELIVERED,EAST
O000586,C00276,2025-03-26 13:05:44,DELIVERED,CENTRAL
O000587,C00019,2025-04-01 21:56:26,DELIVERED,EAST
O000588,C00212,2025-11-16 22:49:01,SHIPPED,CENTRAL
O000589,C00062,2025-06-11 00:52:49,RETURNED,CENTRAL
O000590,C00589,2025-04-26 15:14:16,RETURNED,EAST
O000591,C00138,2025-05-01 13:36:18,CANCELLED,NORTH
O000592,C00436,2025-02-02 11:54:41,DELIVERED,WEST
O000593,C00277,2026-05-07 20:45:55,PLACED,SOUTH
O000594,C00317,2026-07-17 01:15:26,SHIPPED,SOUTH
O000595,C00020,2025-04-09 07:52:09,PLACED,NORTH
O000596,C00574,2025-03-06 04:28:44,PLACED,EAST
O000597,C00490,2026-01-30 10:30:29,SHIPPED,NORTH
O000598,C00522,2025-12-12 07:39:02,DELIVERED,WEST
O000599,C00374,2026-01-24 09:19:47,DELIVERED,EAST
O000600,,2026-07-17 10:47:13,SHIPPED,WEST
O000601,C00320,2025-01-26 04:19:52,SHIPPED,WEST
O000602,C00468,2025-08-10 22:09:39,PLACED,NORTH
O000603,C00005,2025-11-07 22:36:41,PLACED,NORTH
O000604,C00478,2025-02-21 21:53:14,DELIVERED,NORTH
O000605,C00556,2025-11-24 19:26:12,SHIPPED,EAST
O000606,C00107,2026-03-28 04:26:01,CANCELLED,EAST
O000607,C00478,2026-02-06 08:11:13,PLACED,CENTRAL
O000608,C00405,2025-10-30 23:38:45,PLACED,CENTRAL
O000609,C00498,2025-06-04 14:32:10,RETURNED,EAST
O000610,C00244,2025-06-30 22:29:53,DELIVERED,EAST
O000611,C00183,2025-02-20 13:23:46,DELIVERED,EAST
O000612,C00595,2025-11-20 23:31:55,PLACED,NORTH
O000613,C00047,2026-03-26 17:17:53,DELIVERED,NORTH
O000614,C00439,2025-10-06 09:27:21,SHIPPED,CENTRAL
O000615,C00429,2026-03-21 04:02:08,DELIVERED,SOUTH
O000616,C00193,2025-03-27 15:12:39,SHIPPED,EAST
O000617,C00187,2025-10-07 16:41:33,DELIVERED,SOUTH
O000618,C00072,2026-02-27 21:34:32,DELIVERED,SOUTH
O000619,C00227,2026-02-17 03:51:18,DELIVERED,WEST
O000620,,2025-07-25 07:37:44,DELIVERED,CENTRAL
O000621,C00082,2025-04-30 22:20:03,CANCELLED,WEST
O000622,C00462,2025-11-23 11:02:49,DELIVERED,NORTH
O000623,C00083,2026-01-06 13:25:26,CANCELLED,NORTH
O000624,C00540,2025-09-26 01:16:10,RETURNED,NORTH
O000625,C00597,2026-03-14 13:15:09,RETURNED,EAST
O000626,C00595,2025-08-25 11:52:59,RETURNED,NORTH
O000627,C00455,2025-01-31 16:51:14,PLACED,NORTH
O000628,C00454,2025-10-02 14:59:01,SHIPPED,WEST
O000629,C00081,2026-02-26 13:27:14,DELIVERED,EAST
O000630,C00084,2025-08-11 13:38:48,CANCELLED,CENTRAL
O000631,C00561,2025-11-10 18:54:12,DELIVERED,EAST
O000632,C00319,2025-01-06 03:12:28,PLACED,WEST
O000633,C00082,2025-01-29 06:22:40,DELIVERED,CENTRAL
O000634,C00051,2026-01-04 18:01:42,CANCELLED,WEST
O000635,C00072,2025-06-19 02:49:23,DELIVERED,SOUTH
O000636,C00538,2025-05-23 01:42:07,PLACED,NORTH
O000637,C00069,2026-01-11 03:58:04,DELIVERED,SOUTH
O000638,C00546,2025-03-14 14:00:40,PLACED,SOUTH
O000639,C00315,2025-03-29 00:09:14,PLACED,EAST
O000640,,2026-03-28 12:37:49,DELIVERED,NORTH
O000641,C00240,2026-06-27 07:18:15,DELIVERED,CENTRAL
O000642,C00501,2026-01-07 23:12:26,DELIVERED,CENTRAL
O000643,C00290,2025-12-05 03:28:10,DELIVERED,EAST
O000644,C00056,2026-01-04 09:11:06,DELIVERED,WEST
O000645,C00586,2025-08-25 07:33:30,PLACED,WEST
O000646,C00384,2025-12-29 23:27:51,DELIVERED,NORTH
O000647,C00536,2026-05-12 18:35:56,PLACED,EAST
O000648,C00515,2025-02-24 07:11:31,DELIVERED,EAST
O000649,C00028,2025-06-04 07:31:33,DELIVERED,SOUTH
O000650,C00311,2025-03-03 07:14:40,PLACED,CENTRAL
O000651,C00508,2025-10-24 19:46:30,DELIVERED,SOUTH
O000652,C00320,2026-05-09 20:22:20,PLACED,SOUTH
O000653,C00001,2025-04-01 06:03:32,SHIPPED,EAST
O000654,C00344,2025-06-21 08:27:53,SHIPPED,NORTH
O000655,C00475,2026-06-26 22:07:24,PLACED,WEST
O000656,C00012,2025-09-12 05:03:59,RETURNED,EAST
O000657,C00219,2025-08-31 22:24:41,DELIVERED,CENTRAL
O000658,C00061,2025-03-06 16:20:18,CANCELLED,SOUTH
O000659,C00400,2026-03-28 17:20:08,DELIVERED,SOUTH
O000660,,2026-04-12 13:24:32,DELIVERED,SOUTH
O000661,C00356,2025-06-13 19:47:04,SHIPPED,SOUTH
O000662,C00599,2026-04-06 14:50:54,DELIVERED,EAST
O000663,C00432,2026-02-17 20:17:43,SHIPPED,SOUTH
O000664,C00402,2025-06-15 08:27:02,SHIPPED,EAST
O000665,C00228,2025-05-27 09:59:10,CANCELLED,NORTH
O000666,C00026,2025-04-03 09:49:38,PLACED,EAST
O000667,C00556,2025-01-12 17:45:39,PLACED,NORTH
O000668,C00546,2026-07-22 22:02:28,CANCELLED,CENTRAL
O000669,C00021,2025-07-16 11:18:15,CANCELLED,EAST
O000670,C00580,2025-05-21 06:29:26,DELIVERED,EAST
O000671,C00593,2025-01-22 14:32:36,PLACED,WEST
O000672,C00315,2025-04-07 18:56:01,PLACED,WEST
O000673,C00064,2026-01-01 06:14:54,PLACED,SOUTH
O000674,C00232,2026-05-22 23:06:42,DELIVERED,NORTH
O000675,C00401,2025-01-02 06:41:48,RETURNED,EAST
O000676,C00255,2026-07-15 11:07:13,SHIPPED,SOUTH
O000677,C00399,2025-01-19 07:13:51,CANCELLED,NORTH
O000678,C00301,2025-12-09 22:42:13,PLACED,NORTH
O000679,C00108,2025-01-23 12:13:18,DELIVERED,CENTRAL
O000680,,2026-04-05 07:39:39,PLACED,WEST
O000681,C00564,2026-07-09 16:07:04,SHIPPED,EAST
O000682,C00333,2026-01-06 13:31:44,RETURNED,NORTH
O000683,C00145,2026-01-12 19:20:30,DELIVERED,WEST
O000684,C00237,2026-02-10 22:13:34,PLACED,CENTRAL
O000685,C00455,2026-07-13 12:37:32,DELIVERED,EAST
O000686,C00382,2025-07-28 02:09:40,DELIVERED,NORTH
O000687,C00098,2025-01-04 06:03:47,CANCELLED,EAST
O000688,C00264,2025-03-12 08:15:57,DELIVERED,WEST
O000689,C00530,2025-12-05 09:05:45,DELIVERED,SOUTH
O000690,C00191,2025-04-24 12:42:04,PLACED,CENTRAL
O000691,C00013,2026-05-30 22:02:15,CANCELLED,NORTH
O000692,C00297,2025-05-27 13:39:41,DELIVERED,EAST
O000693,C00028,2025-02-17 01:37:35,CANCELLED,EAST
O000694,C00553,2025-07-14 22:04:46,CANCELLED,EAST
O000695,C00497,2025-03-04 17:10:53,DELIVERED,EAST
O000696,C00495,2026-03-28 15:00:12,SHIPPED,NORTH
O000697,C00260,2025-07-08 16:50:11,RETURNED,WEST
O000698,C00539,2025-06-16 03:48:01,DELIVERED,WEST
O000699,C00537,2025-12-08 15:50:07,DELIVERED,WEST
O000700,,2025-07-16 13:58:55,RETURNED,EAST
O000701,C00271,2025-12-17 06:11:35,DELIVERED,EAST
O000702,C00171,2026-05-26 00:59:50,DELIVERED,NORTH
O000703,C00123,2025-09-26 04:21:28,PLACED,NORTH
O000704,C00456,2025-06-01 06:18:26,DELIVERED,NORTH
O000705,C00078,2025-08-08 11:06:37,DELIVERED,CENTRAL
O000706,C00450,2025-08-11 11:19:32,PLACED,EAST
O000707,C00507,2025-10-26 23:26:39,DELIVERED,EAST
O000708,C00067,2025-08-23 23:22:49,DELIVERED,SOUTH
O000709,C00508,2026-07-09 14:38:31,DELIVERED,EAST
O000710,C00150,2025-12-21 23:46:33,SHIPPED,CENTRAL
O000711,C00584,2026-04-19 19:37:20,SHIPPED,WEST
O000712,C00475,2025-12-02 23:32:14,DELIVERED,SOUTH
O000713,C00276,2026-06-21 07:00:41,PLACED,EAST
O000714,C00548,2026-05-01 05:41:31,PLACED,SOUTH
O000715,C00527,2026-03-31 07:32:52,PLACED,EAST
O000716,C00521,2026-01-21 01:01:14,PLACED,NORTH
O000717,C00288,2025-10-14 18:05:39,DELIVERED,SOUTH
O000718,C00420,2026-03-11 21:46:27,PLACED,WEST
O000719,C00221,2025-10-05 10:56:14,DELIVERED,CENTRAL
O000720,,2026-02-28 04:34:01,CANCELLED,CENTRAL
O000721,C00196,2025-11-24 19:51:02,SHIPPED,EAST
O000722,C00248,2025-09-27 01:40:05,SHIPPED,SOUTH
O000723,C00245,2025-09-01 00:15:14,PLACED,SOUTH
O000724,C00587,2025-07-27 07:02:34,PLACED,NORTH
O000725,C00133,2026-06-11 22:05:47,PLACED,SOUTH
O000726,C00579,2025-05-28 02:40:40,RETURNED,NORTH
O000727,C00018,2025-01-03 23:27:06,DELIVERED,CENTRAL
O000728,C00570,2025-11-20 20:32:17,DELIVERED,SOUTH
O000729,C00245,2025-03-26 19:23:21,DELIVERED,CENTRAL
O000730,C00076,2026-04-29 20:58:59,PLACED,EAST
O000731,C00327,2026-07-15 05:25:12,DELIVERED,WEST
O000732,C00307,2025-01-16 08:30:12,DELIVERED,NORTH
O000733,C00508,2025-03-03 02:42:35,DELIVERED,SOUTH
O000734,C00358,2025-07-12 11:54:31,SHIPPED,NORTH
O000735,C00445,2026-01-31 22:37:48,DELIVERED,EAST
O000736,C00230,2026-05-18 12:26:44,PLACED,NORTH
O000737,C00100,2025-04-22 09:26:32,DELIVERED,EAST
O000738,C00004,2025-09-13 18:58:47,DELIVERED,EAST
O000739,C00188,2025-11-03 10:28:13,DELIVERED,SOUTH
O000740,,2026-01-10 06:22:37,DELIVERED,NORTH
O000741,C00377,2025-02-16 03:03:19,DELIVERED,WEST
O000742,C00271,2025-04-02 02:26:52,SHIPPED,NORTH
O000743,C00211,2025-09-22 06:27:33,DELIVERED,SOUTH
O000744,C00444,2025-09-23 00:39:03,RETURNED,NORTH
O000745,C00038,2025-09-04 08:46:35,DELIVERED,EAST
O000746,C00164,2026-05-20 08:56:16,PLACED,SOUTH
O000747,C00425,2025-08-08 18:49:55,DELIVERED,CENTRAL
O000748,C00371,2025-06-08 07:17:58,DELIVERED,WEST
O000749,C00460,2025-09-09 03:03:21,DELIVERED,EAST
O000750,C00228,2026-02-18 19:02:27,DELIVERED,EAST
O000751,C00441,2026-04-07 00:00:43,DELIVERED,EAST
O000752,C00341,2025-02-28 08:34:51,PLACED,WEST
O000753,C00302,2025-07-19 22:19:20,DELIVERED,SOUTH
O000754,C00575,2025-02-25 05:54:05,CANCELLED,NORTH
O000755,C00370,2026-04-21 17:06:20,DELIVERED,EAST
O000756,C00184,2025-10-28 10:29:43,SHIPPED,NORTH
O000757,C00343,2026-04-28 18:23:52,DELIVERED,CENTRAL
O000758,C00009,2025-02-12 12:26:27,DELIVERED,EAST
O000759,C00052,2025-01-20 21:26:31,DELIVERED,NORTH
O000760,,2025-03-24 15:11:07,DELIVERED,CENTRAL
O000761,C00291,2025-11-02 02:42:45,PLACED,EAST
O000762,C00366,2026-04-01 11:56:12,DELIVERED,WEST
O000763,C00150,2025-04-04 21:55:56,PLACED,NORTH
O000764,C00526,2025-09-29 11:23:10,SHIPPED,EAST
O000765,C00536,2025-06-26 00:53:41,DELIVERED,CENTRAL
O000766,C00422,2026-02-10 21:30:15,DELIVERED,WEST
O000767,C00434,2025-08-15 17:30:44,DELIVERED,NORTH
O000768,C00297,2026-06-14 18:08:44,DELIVERED,EAST
O000769,C00371,2025-06-28 05:15:24,DELIVERED,EAST
O000770,C00033,2026-04-24 09:20:22,DELIVERED,CENTRAL
O000771,C00030,2025-10-19 00:40:47,DELIVERED,WEST
O000772,C00040,2025-02-14 05:52:16,DELIVERED,NORTH
O000773,C00207,2025-01-01 05:02:20,DELIVERED,SOUTH
O000774,C00324,2025-08-11 10:40:36,RETURNED,WEST
O000775,C00558,2025-10-29 13:43:17,CANCELLED,NORTH
O000776,C00523,2025-09-06 06:39:18,DELIVERED,CENTRAL
O000777,C00059,2025-08-06 01:35:02,PLACED,SOUTH
O000778,C00089,2025-03-14 15:05:54,PLACED,WEST
O000779,C00075,2025-10-23 12:44:06,DELIVERED,NORTH
O000780,,2026-04-09 11:51:26,PLACED,SOUTH
O000781,C00296,2026-04-25 20:24:07,DELIVERED,EAST
O000782,C00007,2025-04-13 23:26:26,DELIVERED,NORTH
O000783,C00035,2025-08-04 13:32:46,RETURNED,EAST
O000784,C00425,2025-04-29 22:46:09,DELIVERED,CENTRAL
O000785,C00586,2025-01-14 19:50:54,DELIVERED,WEST
O000786,C00186,2025-05-02 05:40:57,PLACED,EAST
O000787,C00524,2025-08-30 20:49:48,DELIVERED,EAST
O000788,C00405,2025-07-03 14:18:46,SHIPPED,SOUTH
O000789,C00206,2025-10-31 21:55:45,DELIVERED,SOUTH
O000790,C00348,2025-10-14 23:21:48,DELIVERED,WEST
O000791,C00393,2026-07-09 16:32:01,DELIVERED,SOUTH
O000792,C00598,2025-03-03 04:50:13,CANCELLED,NORTH
O000793,C00101,2026-02-15 20:47:12,RETURNED,SOUTH
O000794,C00433,2025-11-11 01:09:01,DELIVERED,WEST
O000795,C00482,2026-03-08 21:40:30,RETURNED,CENTRAL
O000796,C00522,2025-07-29 06:12:02,DELIVERED,WEST
O000797,C00027,2026-06-05 11:29:23,PLACED,EAST
O000798,C00595,2026-01-18 11:12:39,DELIVERED,WEST
O000799,C00166,2025-10-24 12:37:49,CANCELLED,CENTRAL
O000800,,2025-07-30 06:47:00,PLACED,CENTRAL
O000801,C00259,2026-06-30 22:54:38,PLACED,CENTRAL
O000802,C00096,2025-03-24 15:16:43,PLACED,SOUTH
O000803,C00562,2025-08-06 04:36:40,CANCELLED,WEST
O000804,C00342,2025-04-27 14:48:39,PLACED,WEST
O000805,C00256,2026-03-07 01:29:07,DELIVERED,EAST
O000806,C00520,2026-06-03 20:21:28,RETURNED,WEST
O000807,C00064,2025-08-19 21:37:11,SHIPPED,NORTH
O000808,C00267,2025-08-21 13:31:39,PLACED,SOUTH
O000809,C00275,2025-03-17 21:07:00,RETURNED,SOUTH
O000810,C00348,2025-02-05 23:05:41,DELIVERED,SOUTH
O000811,C00351,2025-03-21 06:09:55,PLACED,SOUTH
O000812,C00035,2026-05-09 19:14:04,DELIVERED,WEST
O000813,C00116,2026-06-28 16:08:07,DELIVERED,EAST
O000814,C00403,2026-06-16 12:49:45,DELIVERED,EAST
O000815,C00327,2025-10-05 05:58:06,DELIVERED,SOUTH
O000816,C00462,2025-10-16 11:49:31,SHIPPED,WEST
O000817,C00566,2025-01-10 13:53:34,SHIPPED,EAST
O000818,C00317,2026-04-05 08:17:42,CANCELLED,NORTH
O000819,C00340,2026-05-06 19:19:36,PLACED,NORTH
O000820,,2025-02-22 18:08:01,CANCELLED,NORTH
O000821,C00235,2026-04-16 22:11:18,PLACED,NORTH
O000822,C00496,2025-01-16 13:40:31,DELIVERED,NORTH
O000823,C00110,2026-03-01 13:07:00,DELIVERED,CENTRAL
O000824,C00456,2025-07-30 10:22:34,RETURNED,CENTRAL
O000825,C00517,2025-04-28 10:09:56,RETURNED,NORTH
O000826,C00151,2026-01-13 18:20:17,DELIVERED,SOUTH
O000827,C00218,2025-01-06 09:53:56,SHIPPED,EAST
O000828,C00217,2025-10-06 04:11:10,SHIPPED,EAST
O000829,C00305,2026-07-21 21:19:09,PLACED,NORTH
O000830,C00527,2025-03-30 07:41:31,DELIVERED,SOUTH
O000831,C00481,2025-10-09 15:38:24,DELIVERED,NORTH
O000832,C00465,2026-06-01 08:32:24,PLACED,SOUTH
O000833,C00302,2025-03-21 01:54:44,CANCELLED,SOUTH
O000834,C00579,2025-10-29 22:07:10,SHIPPED,SOUTH
O000835,C00084,2025-12-03 09:22:20,DELIVERED,WEST
O000836,C00243,2025-02-06 08:48:24,DELIVERED,CENTRAL
O000837,C00380,2025-06-10 00:08:44,RETURNED,CENTRAL
O000838,C00312,2025-05-25 05:26:24,DELIVERED,CENTRAL
O000839,C00514,2025-07-15 14:03:56,DELIVERED,WEST
O000840,,2026-06-01 10:17:31,PLACED,CENTRAL
O000841,C00420,2025-02-16 04:24:00,DELIVERED,CENTRAL
O000842,C00086,2025-08-28 19:19:51,DELIVERED,WEST
O000843,C00588,2026-04-11 04:19:36,DELIVERED,CENTRAL
O000844,C00183,2025-09-28 21:45:14,DELIVERED,WEST
O000845,C00005,2026-01-24 05:52:11,DELIVERED,CENTRAL
O000846,C00110,2025-11-06 12:54:12,DELIVERED,NORTH
O000847,C00463,2025-04-14 08:57:25,PLACED,WEST
O000848,C00011,2026-07-06 09:15:42,PLACED,EAST
O000849,C00104,2025-02-25 03:19:15,DELIVERED,SOUTH
O000850,C00346,2026-02-19 22:36:44,PLACED,NORTH
O000851,C00472,2025-11-20 22:44:42,CANCELLED,NORTH
O000852,C00161,2025-04-06 09:03:17,DELIVERED,EAST
O000853,C00046,2025-02-28 23:34:25,DELIVERED,EAST
O000854,C00176,2026-03-01 21:11:47,SHIPPED,WEST
O000855,C00415,2025-05-11 00:43:16,SHIPPED,NORTH
O000856,C00140,2026-05-01 21:44:48,PLACED,EAST
O000857,C00079,2025-11-26 04:43:04,SHIPPED,CENTRAL
O000858,C00196,2025-03-17 04:02:59,DELIVERED,CENTRAL
O000859,C00346,2025-06-28 01:47:33,DELIVERED,CENTRAL
O000860,,2026-07-24 22:01:57,DELIVERED,WEST
O000861,C00440,2025-10-11 17:10:38,RETURNED,SOUTH
O000862,C00009,2025-01-02 07:45:34,SHIPPED,NORTH
O000863,C00600,2025-08-13 16:01:52,RETURNED,SOUTH
O000864,C00392,2025-06-27 09:52:37,DELIVERED,SOUTH
O000865,C00596,2025-08-07 14:41:35,DELIVERED,CENTRAL
O000866,C00170,2026-01-27 23:31:10,SHIPPED,SOUTH
O000867,C00551,2026-05-14 17:53:41,SHIPPED,EAST
O000868,C00537,2026-04-12 06:22:11,DELIVERED,WEST
O000869,C00254,2026-01-02 02:28:08,CANCELLED,WEST
O000870,C00022,2025-08-14 18:22:34,PLACED,CENTRAL
O000871,C00561,2025-03-18 03:52:45,DELIVERED,NORTH
O000872,C00197,2025-08-07 09:57:45,RETURNED,NORTH
O000873,C00246,2026-07-04 03:04:17,PLACED,NORTH
O000874,C00286,2025-05-22 21:26:33,DELIVERED,NORTH
O000875,C00332,2025-05-13 06:39:51,DELIVERED,EAST
O000876,C00105,2025-06-14 23:58:47,DELIVERED,SOUTH
O000877,C00539,2025-12-15 23:28:27,PLACED,SOUTH
O000878,C00135,2025-01-27 14:45:55,DELIVERED,WEST
O000879,C00406,2025-08-04 01:16:49,DELIVERED,WEST
O000880,,2025-05-28 12:02:52,DELIVERED,EAST
O000881,C00298,2026-02-17 23:16:46,DELIVERED,EAST
O000882,C00083,2026-04-30 00:29:46,SHIPPED,CENTRAL
O000883,C00559,2025-12-22 16:41:50,RETURNED,EAST
O000884,C00359,2026-02-06 14:32:41,SHIPPED,CENTRAL
O000885,C00051,2026-04-24 04:30:04,DELIVERED,CENTRAL
O000886,C00374,2025-03-19 20:29:06,PLACED,WEST
O000887,C00075,2025-09-26 06:54:25,DELIVERED,WEST
O000888,C00037,2025-08-06 19:57:00,SHIPPED,SOUTH
O000889,C00523,2026-02-08 12:24:30,CANCELLED,CENTRAL
O000890,C00471,2025-06-01 18:31:27,PLACED,NORTH
O000891,C00313,2025-05-01 09:01:59,DELIVERED,NORTH
O000892,C00495,2025-11-05 09:38:26,DELIVERED,WEST
O000893,C00467,2025-01-25 22:33:36,DELIVERED,NORTH
O000894,C00113,2025-07-23 20:28:35,PLACED,WEST
O000895,C00464,2025-01-02 23:35:28,CANCELLED,WEST
O000896,C00598,2025-06-14 10:49:56,DELIVERED,WEST
O000897,C00085,2026-02-22 16:03:44,RETURNED,WEST
O000898,C00076,2026-03-16 20:01:55,DELIVERED,NORTH
O000899,C00452,2025-08-24 06:07:02,SHIPPED,EAST
O000900,,2025-10-06 21:22:13,SHIPPED,NORTH
O000901,C00296,2026-06-06 19:13:25,DELIVERED,EAST
O000902,C00182,2026-05-26 01:53:36,DELIVERED,WEST
O000903,C00026,2026-07-26 12:40:21,DELIVERED,EAST
O000904,C00584,2025-11-22 00:24:01,PLACED,NORTH
O000905,C00256,2025-01-21 04:01:56,DELIVERED,NORTH
O000906,C00376,2026-05-29 03:46:58,SHIPPED,EAST
O000907,C00098,2025-05-22 09:01:35,DELIVERED,NORTH
O000908,C00266,2026-01-12 01:07:18,DELIVERED,NORTH
O000909,C00464,2026-06-01 07:05:11,DELIVERED,WEST
O000910,C00421,2025-09-11 21:25:47,PLACED,CENTRAL
O000911,C00487,2025-03-29 12:23:36,PLACED,CENTRAL
O000912,C00547,2025-11-26 11:41:34,SHIPPED,WEST
O000913,C00192,2025-05-18 04:41:25,DELIVERED,SOUTH
O000914,C00460,2026-07-05 22:18:52,PLACED,WEST
O000915,C00290,2025-10-02 15:51:59,DELIVERED,SOUTH
O000916,C00195,2025-12-24 15:36:37,DELIVERED,SOUTH
O000917,C00544,2025-03-20 21:59:41,PLACED,CENTRAL
O000918,C00456,2025-12-02 03:00:13,PLACED,WEST
O000919,C00254,2026-02-01 14:40:16,DELIVERED,SOUTH
O000920,,2025-12-10 10:53:22,PLACED,WEST
O000921,C00416,2025-11-16 12:08:02,CANCELLED,EAST
O000922,C00375,2025-02-05 14:09:56,DELIVERED,NORTH
O000923,C00035,2026-03-31 04:53:15,RETURNED,SOUTH
O000924,C00554,2025-12-24 20:43:48,PLACED,WEST
O000925,C00206,2026-02-01 13:55:59,SHIPPED,CENTRAL
O000926,C00343,2025-05-27 16:46:22,SHIPPED,NORTH
O000927,C00170,2025-09-26 05:55:10,DELIVERED,SOUTH
O000928,C00252,2025-11-22 21:40:38,DELIVERED,WEST
O000929,C00040,2026-07-25 18:54:59,SHIPPED,SOUTH
O000930,C00263,2026-02-16 11:28:52,PLACED,CENTRAL
O000931,C00382,2025-11-13 03:18:15,DELIVERED,EAST
O000932,C00265,2025-03-13 04:09:41,PLACED,NORTH
O000933,C00164,2025-10-19 12:56:54,PLACED,NORTH
O000934,C00448,2026-01-10 16:19:17,DELIVERED,SOUTH
O000935,C00483,2025-05-11 10:47:41,SHIPPED,SOUTH
O000936,C00231,2026-06-25 12:45:47,CANCELLED,SOUTH
O000937,C00092,2025-11-17 22:31:46,DELIVERED,NORTH
O000938,C00440,2026-01-14 01:07:35,DELIVERED,WEST
O000939,C00165,2025-06-20 20:41:16,PLACED,CENTRAL
O000940,,2025-02-02 13:58:58,PLACED,WEST
O000941,C00496,2026-04-17 04:53:49,SHIPPED,SOUTH
O000942,C00197,2025-01-08 02:03:29,DELIVERED,SOUTH
O000943,C00536,2026-04-27 04:37:54,RETURNED,WEST
O000944,C00351,2026-05-13 18:27:26,DELIVERED,WEST
O000945,C00594,2025-12-25 01:47:59,SHIPPED,CENTRAL
O000946,C00279,2025-07-14 19:46:37,DELIVERED,CENTRAL
O000947,C00573,2025-09-20 22:31:13,PLACED,CENTRAL
O000948,C00177,2025-02-25 13:46:46,SHIPPED,WEST
O000949,C00583,2025-08-21 20:04:25,CANCELLED,EAST
O000950,C00114,2025-05-30 12:37:26,RETURNED,NORTH
O000951,C00301,2026-05-02 13:32:37,DELIVERED,NORTH
O000952,C00537,2025-08-06 09:10:12,SHIPPED,NORTH
O000953,C00367,2026-07-10 20:00:51,PLACED,WEST
O000954,C00419,2025-07-28 18:42:18,CANCELLED,WEST
O000955,C00494,2025-06-10 15:40:51,PLACED,SOUTH
O000956,C00451,2025-11-08 16:20:55,PLACED,EAST
O000957,C00306,2025-10-21 09:01:00,PLACED,SOUTH
O000958,C00366,2026-04-10 16:34:37,SHIPPED,EAST
O000959,C00384,2025-12-30 21:17:37,DELIVERED,CENTRAL
O000960,,2025-11-06 20:52:54,RETURNED,CENTRAL
O000961,C00296,2025-10-28 10:54:23,SHIPPED,NORTH
O000962,C00172,2026-06-22 03:39:20,CANCELLED,WEST
O000963,C00433,2026-06-14 02:56:26,PLACED,WEST
O000964,C00420,2026-07-07 13:22:36,PLACED,EAST
O000965,C00166,2026-07-13 04:09:51,PLACED,NORTH
O000966,C00493,2025-08-25 15:23:46,DELIVERED,NORTH
O000967,C00016,2025-12-18 19:32:22,CANCELLED,WEST
O000968,C00555,2025-02-13 08:19:15,DELIVERED,NORTH
O000969,C00031,2025-07-18 07:51:04,DELIVERED,SOUTH
O000970,C00105,2025-12-06 14:04:19,DELIVERED,CENTRAL
O000971,C00458,2025-03-13 03:16:20,DELIVERED,EAST
O000972,C00287,2025-07-17 12:05:20,SHIPPED,CENTRAL
O000973,C00581,2026-02-13 04:17:53,DELIVERED,SOUTH
O000974,C00445,2025-12-17 18:10:47,DELIVERED,CENTRAL
O000975,C00408,2026-04-27 22:21:40,RETURNED,EAST
O000976,C00284,2025-08-26 05:22:24,PLACED,WEST
O000977,C00157,2025-05-31 06:59:54,DELIVERED,SOUTH
O000978,C00258,2026-05-17 04:09:23,DELIVERED,WEST
O000979,C00063,2026-02-03 11:25:59,DELIVERED,SOUTH
O000980,,2025-02-19 22:24:05,DELIVERED,CENTRAL
O000981,C00009,2026-07-18 11:14:03,PLACED,CENTRAL
O000982,C00075,2025-12-30 19:19:54,DELIVERED,NORTH
O000983,C00076,2025-06-27 07:40:19,SHIPPED,WEST
O000984,C00234,2025-04-27 12:16:35,PLACED,CENTRAL
O000985,C00483,2025-06-25 01:11:14,DELIVERED,NORTH
O000986,C00400,2025-07-08 18:52:42,DELIVERED,EAST
O000987,C00150,2026-02-04 20:36:51,DELIVERED,NORTH
O000988,C00579,2025-10-15 12:02:54,DELIVERED,WEST
O000989,C00563,2025-10-14 09:40:15,DELIVERED,CENTRAL
O000990,C00130,2025-12-29 02:42:05,RETURNED,NORTH
O000991,C00414,2025-07-17 01:01:48,DELIVERED,NORTH
O000992,C00516,2026-01-15 11:45:43,PLACED,WEST
O000993,C00043,2025-02-03 17:51:00,DELIVERED,WEST
O000994,C00083,2025-01-15 14:49:45,PLACED,EAST
O000995,C00210,2025-04-03 08:44:10,DELIVERED,EAST
O000996,C00118,2025-08-03 16:46:24,DELIVERED,CENTRAL
O000997,C00288,2025-08-23 15:41:24,PLACED,SOUTH
O000998,C00064,2026-05-30 11:54:55,DELIVERED,EAST
O000999,C00598,2025-11-20 06:46:33,PLACED,NORTH
O001000,,2026-01-22 03:02:33,DELIVERED,WEST
