item_id,order_id,product_id,quantity,unit_price,discount_percent
I0000001,O000144,P00159,2,527.07,31.32
I0000002,O000603,P00463,4,182.23,4.09
I0000003,O000458,P00468,7,589.85,28.6
I0000004,O000619,P00478,3,570.28,34.29
I0000005,O000043,P00219,4,911.56,26.42
I0000006,O000900,P00071,7,324.89,15.24
I0000007,O000241,P00351,1,745.26,28.39
I0000008,O000517,P00401,7,1156.07,24.79
I0000009,O000398,P00475,5,927.42,26.18
I0000010,O000394,P00373,2,206.4,21.14
I0000011,O000889,P00368,3,294.54,24.37
I0000012,O000110,P00414,7,248.05,33.98
I0000013,O000113,P00402,3,305.58,22.62
I0000014,O000756,P00461,7,1184.56,34.73
I0000015,O000436,P00236,1,98.97,30.18
I0000016,O000891,P00287,5,754.0,26.89
I0000017,O000924,P00205,4,1071.43,22.17
I0000018,O000438,P00378,6,915.2,6.43
I0000019,O000651,P00431,4,1150.78,1.71
I0000020,O000570,P00333,4,173.41,7.72
I0000021,O000453,P00101,2,1123.64,28.06
I0000022,O000912,P00330,4,579.53,30.18
I0000023,O000591,P00376,7,822.42,19.35
I0000024,O000978,P00278,5,1021.04,13.46
I0000025,O000835,P00090,6,569.64,32.36
I0000026,O000753,P00292,6,1142.67,0.65
I0000027,O000187,P00479,8,680.34,18.34
I0000028,O000247,P00188,2,638.12,25.13
I0000029,O000930,P00131,1,473.92,28.02
I0000030,O000115,P00343,1,658.93,13.48
I0000031,O000482,P00016,1,656.63,10.56
I0000032,O000086,P00078,2,109.57,12.15
I0000033,O000008,P00238,-3,178.77,0.77
I0000034,O000647,P00055,4,976.13,32.51
I0000035,O000465,P00453,1,402.48,32.39
I0000036,O000097,P00060,4,922.3,20.13
I0000037,O000296,P00353,6,476.5,12.87
I0000038,O000691,P00065,5,272.26,26.31
I0000039,O000239,P00374,7,374.68,8.83
I0000040,O000621,P00351,4,289.96,18.53
I0000041,O000666,P00219,3,1116.17,17.76
I0000042,O000905,P00193,3,229.1,33.48
I0000043,O000612,P00342,7,1199.78,15.91
I0000044,O000165,P00498,2,134.29,35.0
I0000045,O000986,P00105,6,611.82,17.21
I0000046,O000555,P00468,3,521.66,24.59
I0000047,O000945,P00117,7,900.01,22.6
I0000048,O000538,P00154,2,279.07,24.87
I0000049,O000477,P00277,3,533.08,16.28
I0000050,O000238,P00204,4,66.36,34.44
I0000051,O000062,P00129,7,160.21,12.75
I0000052,O000486,P00042,5,879.6,17.86
I0000053,O000570,P00325,5,142.2,30.84
I0000054,O000627,P00055,2,1146.46,20.52
I0000055,O000695,P00123,1,730.84,28.67
I0000056,O000721,P00050,4,915.1,21.16
I0000057,O000760,P00110,6,224.82,29.76
I0000058,O000250,P00094,1,785.25,28.75
I0000059,O000392,P00453,2,704.72,4.97
I0000060,O000341,P00174,5,358.54,14.17
I0000061,O000385,P00026,3,78.93,34.37
I0000062,O000193,P00470,8,525.39,32.75
I0000063,O000697,P00090,6,1035.22,10.01
I0000064,O000361,P00450,1,813.14,8.1
I0000065,O000665,P00108,6,854.67,30.74
I0000066,O000881,P00174,-2,432.34,8.02
I0000067,O000778,P00196,1,657.79,8.59
I0000068,O000499,P00396,4,316.23,23.67
I0000069,O000398,P00045,7,1104.37,0.43
I0000070,O000561,P00139,4,622.47,22.08
I0000071,O000306,P00119,7,995.71,13.74
I0000072,O000400,P00216,5,225.53,23.24
I0000073,O000791,P00189,5,357.98,12.51
I0000074,O000257,P00059,8,173.84,20.57
I0000075,O000069,P00068,4,757.99,7.13
I0000076,O000892,P00118,4,617.18,3.29
I0000077,O000357,P00191,7,1012.76,5.43
I0000078,O000219,P00039,8,454.21,23.53
I0000079,O000222,P00184,5,1075.8,26.56
I0000080,O000681,P00456,3,1129.81,28.58
I0000081,O000896,P00290,8,542.73,14.39
I0000082,O000990,P00452,8,780.54,28.16
I0000083,O000648,P00119,8,993.21,10.12
I0000084,O000019,P00386,6,657.31,21.22
I0000085,O000515,P00153,2,311.01,23.6
I0000086,O000954,P00061,7,240.33,28.46
I0000087,O000594,P00338,2,24.99,25.24
I0000088,O000794,P00382,7,593.81,29.41
I0000089,O000391,P00068,5,22.3,5.66
I0000090,O000037,P00143,7,367.5,20.41
I0000091,O000796,P00071,4,289.28,10.04
I0000092,O000996,P00006,2,813.42,18.24
I0000093,O000677,P00170,4,558.09,26.19
I0000094,O000856,P00243,2,533.58,20.17
I0000095,O000798,P00496,5,190.24,23.08
I0000096,O000002,P00389,5,598.66,19.99
I0000097,O000729,P00043,7,1006.8,2.3
I0000098,O000141,P00442,5,677.49,1.62
I0000099,O000254,P00249,-2,440.79,6.49
I0000100,O000420,P00440,2,704.03,20.08
I0000101,O000274,P00464,3,25.1,1.28
I0000102,O000800,P00489,4,1104.58,25.69
I0000103,O000085,P00444,1,798.18,20.7
I0000104,O000377,P00021,5,909.29,3.36
I0000105,O000273,P00223,7,734.17,6.49
I0000106,O000867,P00062,6,538.42,7.28
I0000107,O000372,P00448,2,1083.83,28.39
I0000108,O000563,P00082,6,582.91,13.91
I0000109,O000630,P00134,2,732.36,24.07
I0000110,O000470,P00429,3,653.47,23.17
I0000111,O000203,P00101,5,887.97,16.65
I0000112,O000931,P00150,7,281.82,13.41
I0000113,O000540,P00290,2,199.5,25.23
I0000114,O000545,P00272,1,414.97,18.65
I0000115,O000960,P00333,1,591.46,3.98
I0000116,O000988,P00040,1,836.31,8.95
I0000117,O000405,P00306,1,826.11,1.71
I0000118,O000774,P00297,4,962.56,30.22
I0000119,O000636,P00496,6,906.71,12.78
I0000120,O000984,P00483,5,939.51,5.2
I0000121,O000926,P00245,7,973.68,1.18
I0000122,O000771,P00253,4,22.76,16.23
I0000123,O000585,P00485,1,1157.35,24.15
I0000124,O000807,P00472,7,938.7,17.22
I0000125,O000416,P00114,6,60.63,19.92
I0000126,O000140,P00169,6,27.36,29.54
I0000127,O000708,P00417,5,725.41,13.25
I0000128,O000643,P00295,6,494.85,29.54
I0000129,O000286,P00110,3,47.51,13.2
I0000130,O000244,P00083,2,700.62,19.88
I0000131,O000087,P00055,1,614.99,24.34
I0000132,O000492,P00346,-2,168.75,27.01
I0000133,O000654,P00028,5,506.39,19.48
I0000134,O000321,P00368,4,1011.58,4.64
I0000135,O000123,P00092,6,954.17,0.47
I0000136,O000660,P00052,1,136.23,20.08
I0000137,O000718,P00483,8,32.66,28.88
I0000138,O000614,P00266,8,657.57,22.96
I0000139,O000325,P00271,6,881.65,15.67
I0000140,O000185,P00352,3,1067.33,9.93
I0000141,O000535,P00192,1,1196.75,19.0
I0000142,O000597,P00375,1,364.61,0.73
I0000143,O000920,P00324,4,409.99,24.6
I0000144,O000803,P00166,7,1001.47,21.06
I0000145,O000235,P00087,7,158.39,17.52
I0000146,O000691,P00125,2,869.09,32.41
I0000147,O000542,P00360,8,508.02,32.35
I0000148,O000756,P00078,6,525.47,33.29
I0000149,O000821,P00341,8,949.02,4.76
I0000150,O000733,P00024,7,541.85,8.82
I0000151,O000644,P00440,5,947.65,29.21
I0000152,O000501,P00313,8,136.73,3.18
I0000153,O000892,P00080,6,553.28,0.48
I0000154,O000642,P00126,2,372.09,22.35
I0000155,O000277,P00266,4,633.73,0.68
I0000156,O000074,P00219,1,615.39,16.32
I0000157,O000480,P00011,2,411.65,30.84
I0000158,O000755,P00325,7,894.61,19.44
I0000159,O000754,P00477,4,1061.82,13.64
I0000160,O000385,P00130,6,829.59,14.03
I0000161,O000430,P00023,8,605.59,22.16
I0000162,O000284,P00410,7,955.22,31.55
I0000163,O000444,P00352,8,805.6,12.17
I0000164,O000168,P00046,1,1084.76,32.03
I0000165,O000786,P00239,-3,343.66,29.02
I0000166,O000714,P00430,8,377.45,20.81
I0000167,O000231,P00293,3,51.53,18.27
I0000168,O000715,P00154,5,1195.15,19.91
I0000169,O000303,P00178,8,546.11,12.08
I0000170,O000870,P00483,3,61.55,32.32
I0000171,O000217,P00285,1,944.87,15.28
I0000172,O000337,P00178,1,50.53,8.17
I0000173,O000101,P00198,5,173.05,17.48
I0000174,O000044,P00294,6,884.01,28.49
I0000175,O000655,P00268,6,339.3,31.21
I0000176,O000942,P00403,3,156.44,7.2
I0000177,O000871,P00289,7,309.56,0.79
I0000178,O000334,P00211,5,954.29,6.32
I0000179,O000825,P00254,7,915.86,5.54
I0000180,O000337,P00091,5,434.41,33.41
I0000181,O000767,P00076,7,794.89,28.04
I0000182,O000665,P00069,1,1147.7,28.48
I0000183,O000376,P00476,8,1137.94,5.89
I0000184,O000392,P00043,4,883.28,15.44
I0000185,O000445,P00414,2,915.2,4.37
I0000186,O000053,P00144,5,526.67,32.22
I0000187,O000473,P00304,1,899.96,23.75
I0000188,O000637,P00161,8,330.87,12.22
I0000189,O000966,P00164,3,434.66,22.54
I0000190,O000123,P00028,3,492.53,16.92
I0000191,O000719,P00101,8,856.78,2.52
I0000192,O000051,P00047,8,458.66,28.71
I0000193,O000540,P00478,4,405.39,17.48
I0000194,O000354,P00354,7,220.07,1.96
I0000195,O000110,P00192,3,349.95,4.66
I0000196,O000421,P00459,5,756.58,32.94
I0000197,O000653,P00402,3,900.4,0.94
I0000198,O000487,P00024,-1,518.91,14.58
I0000199,O000135,P00315,8,1193.55,5.99
I0000200,O000821,P00323,4,924.13,22.72
I0000201,O000549,P00214,6,893.2,24.46
I0000202,O000939,P00440,2,216.83,24.88
I0000203,O000654,P00014,3,146.01,30.59
I0000204,O000573,P00103,1,54.53,14.52
I0000205,O000489,P00279,2,703.84,34.15
I0000206,O000457,P00094,2,381.22,6.07
I0000207,O000002,P00228,2,1085.81,24.39
I0000208,O000100,P00071,1,1074.22,18.93
I0000209,O000857,P00396,6,879.27,33.68
I0000210,O000019,P00059,6,692.25,28.88
I0000211,O000683,P00261,1,49.42,20.61
I0000212,O000624,P00238,5,214.95,27.31
I0000213,O000648,P00433,3,59.22,15.63
I0000214,O000381,P00324,5,664.24,5.36
I0000215,O000712,P00182,4,892.95,14.18
I0000216,O000900,P00380,8,757.08,16.39
I0000217,O000445,P00413,4,1163.95,9.78
I0000218,O000376,P00467,7,683.03,8.27
I0000219,O000836,P00003,5,521.36,4.32
I0000220,O000305,P00032,5,645.42,19.87
I0000221,O000016,P00449,5,882.05,19.2
I0000222,O000098,P00260,8,547.01,7.91
I0000223,O000180,P00216,5,691.29,29.93
I0000224,O000100,P00020,5,381.65,15.0
I0000225,O000706,P00149,8,714.51,9.17
I0000226,O000362,P00335,7,43.84,20.78
I0000227,O000214,P00492,8,899.13,27.26
I0000228,O000980,P00131,2,993.69,28.2
I0000229,O000704,P00050,3,652.77,20.17
I0000230,O000566,P00463,6,1009.34,15.45
I0000231,O000729,P00178,-3,620.31,31.04
I0000232,O000150,P00095,6,1196.61,30.94
I0000233,O000730,P00245,7,1121.52,28.33
I0000234,O000732,P00016,3,1040.93,23.93
I0000235,O000255,P00260,5,133.45,25.84
I0000236,O000347,P00378,1,932.53,1.03
I0000237,O000352,P00164,5,533.29,15.27
I0000238,O000691,P00348,3,1136.23,12.23
I0000239,O000212,P00375,6,426.11,19.16
I0000240,O000039,P00218,8,828.0,15.77
I0000241,O000383,P00212,6,1079.25,20.91
I0000242,O000853,P00497,2,833.7,33.94
I0000243,O000846,P00177,8,857.54,29.7
I0000244,O000895,P00421,7,875.31,23.69
I0000245,O000163,P00052,4,1056.92,28.98
I0000246,O000288,P00086,8,508.56,22.51
I0000247,O000758,P00349,6,309.37,2.17
I0000248,O000360,P00212,2,829.28,25.36
I0000249,O000929,P00440,4,162.38,17.84
I0000250,O000193,P00124,2,585.37,15.8
I0000251,O000817,P00127,6,622.9,17.12
I0000252,O000983,P00117,2,461.72,17.47
I0000253,O000731,P00360,8,462.44,2.5
I0000254,O000885,P00381,1,116.44,4.8
I0000255,O000895,P00185,6,288.37,7.8
I0000256,O000305,P00366,6,463.88,12.5
I0000257,O000794,P00251,8,1189.08,8.1
I0000258,O000715,P00171,3,938.86,34.06
I0000259,O000504,P00206,4,735.31,29.0
I0000260,O000054,P00125,6,1115.57,23.87
I0000261,O000542,P00404,6,959.51,30.97
I0000262,O000465,P00496,7,535.33,23.62
I0000263,O000240,P00117,6,829.98,27.22
I0000264,O000113,P00316,-2,446.48,6.19
I0000265,O000851,P00417,3,948.7,17.58
I0000266,O000762,P00231,4,495.85,33.93
I0000267,O000797,P00390,5,545.96,11.3
I0000268,O000140,P00180,1,163.45,23.66
I0000269,O000992,P00033,1,126.46,4.2
I0000270,O000621,P00059,7,865.03,20.15
I0000271,O000579,P00021,3,865.81,21.08
I0000272,O000686,P00050,3,936.85,27.57
I0000273,O000262,P00223,7,326.1,17.88
I0000274,O000668,P00138,2,91.32,20.85
I0000275,O000277,P00301,1,410.9,20.66
I0000276,O000224,P00262,3,237.05,18.65
I0000277,O000521,P00329,8,504.68,28.06
I0000278,O000317,P00386,4,170.32,25.02
I0000279,O000051,P00152,2,914.77,12.24
I0000280,O000427,P00316,2,111.03,25.94
I0000281,O000238,P00414,7,62.86,0.52
I0000282,O000106,P00265,8,276.31,19.83
I0000283,O000627,P00283,6,367.12,5.45
I0000284,O000806,P00269,6,775.44,24.78
I0000285,O000224,P00007,7,788.75,6.9
I0000286,O000413,P00438,4,830.76,4.93
I0000287,O000927,P00457,3,30.98,0.31
I0000288,O000105,P00293,7,1170.59,32.83
I0000289,O000013,P00500,8,684.56,16.6
I0000290,O000870,P00270,2,1117.57,9.92
I0000291,O000263,P00004,8,938.79,12.42
I0000292,O000496,P00237,8,574.05,34.54
I0000293,O000406,P00117,4,196.33,27.51
I0000294,O000404,P00499,4,886.5,34.42
I0000295,O000362,P00188,4,200.09,2.7
I0000296,O000537,P00184,3,217.55,26.85
I0000297,O000737,P00385,-2,668.77,7.81
I0000298,O000757,P00147,7,436.8,20.38
I0000299,O000454,P00492,2,316.48,33.23
I0000300,O000125,P00491,2,308.76,9.18
I0000301,O000206,P00233,8,610.63,0.52
I0000302,O000764,P00214,8,259.65,15.38
I0000303,O000043,P00449,7,389.34,8.43
I0000304,O000578,P00177,5,885.71,28.33
I0000305,O000998,P00165,5,875.78,0.22
I0000306,O000919,P00076,7,1144.35,8.02
I0000307,O000030,P00142,3,868.7,14.43
I0000308,O000409,P00291,1,911.75,28.43
I0000309,O000856,P00129,8,292.51,4.52
I0000310,O000918,P00235,4,224.97,10.19
I0000311,O000087,P00310,2,260.63,12.67
I0000312,O000821,P00338,8,507.62,19.49
I0000313,O000717,P00435,7,987.27,23.56
I0000314,O000769,P00148,5,309.67,26.95
I0000315,O000107,P00245,7,812.3,28.79
I0000316,O000121,P00224,2,575.09,0.85
I0000317,O000992,P00263,6,320.25,3.57
I0000318,O000812,P00135,2,349.21,2.09
I0000319,O000633,P00162,2,202.29,18.73
I0000320,O000563,P00435,6,1197.58,27.36
I0000321,O000223,P00053,8,1151.57,33.35
I0000322,O000693,P00070,7,134.58,22.94
I0000323,O000731,P00492,8,678.34,27.53
I0000324,O000230,P00073,6,106.49,14.03
I0000325,O000718,P00004,1,1021.96,22.7
I0000326,O000790,P00380,6,522.08,10.07
I0000327,O000874,P00149,8,373.82,0.94
I0000328,O000923,P00122,6,748.78,5.08
I0000329,O000411,P00453,1,293.25,27.17
I0000330,O000834,P00265,-2,729.43,19.93
I0000331,O000210,P00110,7,270.11,19.73
I0000332,O000242,P00373,6,865.51,22.42
I0000333,O000825,P00234,8,896.46,12.38
I0000334,O000724,P00145,4,1048.97,12.52
I0000335,O000637,P00271,2,98.96,8.58
I0000336,O000053,P00444,4,1159.18,19.78
I0000337,O000232,P00068,5,1032.37,31.69
I0000338,O000041,P00310,7,1025.77,23.72
I0000339,O000900,P00305,4,888.67,16.32
I0000340,O000863,P00464,7,138.26,12.92
I0000341,O000287,P00209,3,141.46,7.14
I0000342,O000946,P00463,8,959.61,10.29
I0000343,O000712,P00152,4,975.78,11.77
I0000344,O000540,P00417,4,945.95,25.06
I0000345,O000670,P00065,6,908.28,15.57
I0000346,O000877,P00447,5,301.3,30.29
I0000347,O000388,P00044,6,719.06,28.4
I0000348,O000654,P00214,4,189.78,27.28
I0000349,O000202,P00308,7,455.37,18.5
I0000350,O000161,P00205,2,639.81,6.05
I0000351,O000223,P00342,2,993.95,17.66
I0000352,O000811,P00037,4,1042.42,32.59
I0000353,O000542,P00281,1,396.42,26.72
I0000354,O000714,P00411,4,296.12,21.21
I0000355,O000593,P00356,2,401.92,26.18
I0000356,O000692,P00232,5,489.96,32.68
I0000357,O000873,P00495,7,890.42,11.02
I0000358,O000935,P00227,1,122.2,5.46
I0000359,O000801,P00454,3,594.9,9.03
I0000360,O000133,P00307,2,62.19,8.73
I0000361,O000853,P00060,6,136.14,28.74
I0000362,O000383,P00424,5,796.12,26.33
I0000363,O000945,P00009,-1,307.79,8.45
I0000364,O000937,P00245,6,118.19,22.73
I0000365,O000931,P00150,7,68.51,23.34
I0000366,O000880,P00382,4,144.29,12.72
I0000367,O000481,P00153,2,838.01,16.45
I0000368,O000722,P00306,7,172.19,9.24
I0000369,O000513,P00202,1,861.63,29.84
I0000370,O000282,P00306,4,1157.1,23.43
I0000371,O000673,P00266,8,93.29,27.1
I0000372,O000622,P00002,4,791.63,20.77
I0000373,O000207,P00063,4,888.1,10.73
I0000374,O000909,P00068,2,516.11,14.16
I0000375,O000991,P00124,7,134.91,22.98
I0000376,O000026,P00400,8,150.32,21.64
I0000377,O000882,P00341,6,795.13,16.28
I0000378,O000658,P00294,4,88.66,24.75
I0000379,O000459,P00052,3,887.64,24.6
I0000380,O000787,P00261,4,371.43,19.5
I0000381,O000203,P00406,8,858.2,13.57
I0000382,O000310,P00405,1,468.62,10.93
I0000383,O000248,P00364,2,20.71,8.59
I0000384,O000157,P00320,5,62.38,26.39
I0000385,O000399,P00280,4,134.8,32.84
I0000386,O000210,P00495,7,141.46,28.63
I0000387,O000931,P00279,1,770.9,29.44
I0000388,O000004,P00405,4,237.49,27.92
I0000389,O000228,P00405,7,124.74,19.72
I0000390,O000012,P00141,1,755.25,24.58
I0000391,O000434,P00314,8,265.12,0.99
I0000392,O000639,P00242,5,410.87,27.94
I0000393,O000233,P00060,4,694.03,20.44
I0000394,O000456,P00113,1,1098.57,27.44
I0000395,O000949,P00030,1,507.71,12.14
I0000396,O000085,P00033,-3,449.84,34.51
I0000397,O000416,P00316,7,578.05,2.42
I0000398,O000037,P00023,3,394.06,24.11
I0000399,O000687,P00379,6,747.21,25.26
I0000400,O000631,P00419,7,981.26,28.63
I0000401,O000279,P00429,8,482.95,15.09
I0000402,O000713,P00134,2,650.1,1.39
I0000403,O000234,P00030,4,608.12,32.5
I0000404,O000011,P00059,8,1057.39,21.28
I0000405,O000487,P00063,4,1094.54,4.12
I0000406,O000961,P00458,2,1046.6,29.72
I0000407,O000806,P00071,2,728.34,17.27
I0000408,O000999,P00418,5,495.33,14.84
I0000409,O000931,P00046,4,374.78,34.86
I0000410,O000429,P00252,8,199.44,12.85
I0000411,O000929,P00322,4,151.69,5.55
I0000412,O000616,P00162,1,1021.09,19.33
I0000413,O000741,P00214,1,820.38,15.51
I0000414,O000656,P00133,3,1092.64,20.15
I0000415,O000660,P00321,5,221.06,8.59
I0000416,O000606,P00382,8,908.13,30.25
I0000417,O000286,P00011,4,670.12,21.36
I0000418,O000758,P00090,1,1197.53,29.96
I0000419,O000309,P00403,2,722.02,16.1
I0000420,O000471,P00457,7,1138.12,31.86
I0000421,O000486,P00243,4,215.79,5.62
I0000422,O000067,P00350,8,1106.35,5.18
I0000423,O000827,P00056,5,625.02,29.81
I0000424,O000555,P00144,4,939.8,34.11
I0000425,O000779,P00330,5,1115.34,11.67
I0000426,O000379,P00194,4,350.8,16.84
I0000427,O000726,P00043,3,596.73,27.6
I0000428,O000833,P00290,2,612.59,12.05
I0000429,O000810,P00204,-3,256.08,20.61
I0000430,O000039,P00047,7,788.64,11.48
I0000431,O000190,P00296,3,779.32,12.57
I0000432,O000781,P00286,6,238.89,24.64
I0000433,O000545,P00225,4,280.67,26.93
I0000434,O000378,P00444,2,454.02,9.09
I0000435,O000701,P00347,4,1163.91,31.58
I0000436,O000770,P00441,5,367.18,27.55
I0000437,O000943,P00247,8,303.58,6.04
I0000438,O000691,P00276,5,337.35,1.6
I0000439,O000072,P00250,2,1066.24,2.23
I0000440,O000695,P00109,5,1064.91,14.95
I0000441,O000733,P00346,7,1031.84,25.98
I0000442,O000788,P00456,4,842.86,11.19
I0000443,O000890,P00405,6,819.34,9.5
I0000444,O000893,P00335,3,42.53,17.65
I0000445,O000806,P00202,4,1112.42,19.33
I0000446,O000137,P00211,3,1049.9,17.53
I0000447,O000021,P00313,3,1153.28,17.5
I0000448,O000363,P00436,4,493.17,12.3
I0000449,O000474,P00375,7,995.75,20.74
I0000450,O000140,P00208,6,1175.87,9.54
I0000451,O000497,P00165,8,537.66,7.3
I0000452,O000369,P00429,2,903.16,25.56
I0000453,O000940,P00317,3,69.73,19.68
I0000454,O000572,P00390,7,520.33,5.99
I0000455,O000037,P00400,3,138.81,32.75
I0000456,O000532,P00069,5,1091.91,22.35
I0000457,O000311,P00476,5,188.1,11.94
I0000458,O000872,P00461,3,683.89,21.62
I0000459,O000041,P00049,3,47.39,34.53
I0000460,O000972,P00426,3,126.78,0.65
I0000461,O000753,P00218,6,112.03,9.91
I0000462,O000140,P00497,-1,512.24,11.09
I0000463,O000181,P00014,2,1107.25,20.54
I0000464,O000775,P00424,5,1090.82,34.57
I0000465,O000013,P00387,4,424.7,28.02
I0000466,O000053,P00134,7,168.14,25.25
I0000467,O000863,P00135,4,307.57,7.1
I0000468,O000495,P00017,6,224.32,12.29
I0000469,O000496,P00461,3,973.5,24.69
I0000470,O000203,P00151,3,787.91,25.48
I0000471,O000641,P00039,3,494.89,7.06
I0000472,O000268,P00027,2,202.15,24.63
I0000473,O000628,P00437,2,944.34,11.58
I0000474,O000718,P00411,6,789.89,23.14
I0000475,O000846,P00216,5,1061.67,28.96
I0000476,O000093,P00179,6,982.93,0.78
I0000477,O000915,P00023,4,576.38,0.06
I0000478,O000529,P00144,4,334.87,17.46
I0000479,O000716,P00114,6,690.0,26.04
I0000480,O000532,P00185,8,124.89,21.64
I0000481,O000710,P00045,1,483.14,28.69
I0000482,O000308,P00001,6,1042.95,33.12
I0000483,O000704,P00482,8,545.19,10.21
I0000484,O000710,P00450,6,144.74,15.09
I0000485,O000593,P00138,6,713.76,1.3
I0000486,O000306,P00008,5,147.14,25.49
I0000487,O000883,P00383,8,770.28,34.2
I0000488,O000291,P00125,3,377.77,2.24
I0000489,O000651,P00268,7,1145.72,8.36
I0000490,O000085,P00026,3,353.08,29.15
I0000491,O000031,P00035,2,418.41,29.61
I0000492,O000510,P00200,8,625.5,0.98
I0000493,O000807,P00385,8,623.76,14.31
I0000494,O000963,P00273,6,714.44,30.17
I0000495,O000287,P00085,-1,823.83,32.83
I0000496,O000456,P00021,3,658.82,25.21
I0000497,O000317,P00141,3,264.55,30.26
I0000498,O000895,P00144,3,1102.32,12.79
I0000499,O000305,P00381,5,810.6,1.62
I0000500,O000005,P00233,3,492.47,7.35
I0000501,O000373,P00079,5,906.77,27.03
I0000502,O000256,P00464,2,405.35,25.07
I0000503,O000772,P00042,1,634.61,31.45
I0000504,O000472,P00425,1,217.38,30.71
I0000505,O000059,P00491,4,878.49,9.87
I0000506,O000291,P00416,3,115.52,3.44
I0000507,O000537,P00232,2,852.92,30.73
I0000508,O000849,P00015,7,418.5,31.55
I0000509,O000123,P00037,8,487.49,0.24
I0000510,O000818,P00214,5,70.79,18.74
I0000511,O000418,P00012,3,144.02,9.28
I0000512,O000936,P00254,8,1067.77,25.25
I0000513,O000164,P00259,8,757.79,27.2
I0000514,O000312,P00012,4,851.72,12.48
I0000515,O000046,P00097,8,533.49,32.14
I0000516,O000725,P00238,6,398.52,1.84
I0000517,O000976,P00122,3,488.84,18.96
I0000518,O000728,P00332,5,955.19,25.23
I0000519,O000255,P00262,5,558.83,10.75
I0000520,O000064,P00114,6,23.62,26.88
I0000521,O000432,P00277,7,504.13,22.99
I0000522,O000530,P00326,8,210.06,17.39
I0000523,O000051,P00401,1,1126.49,13.16
I0000524,O000619,P00263,6,808.8,15.75
I0000525,O000566,P00217,6,1144.36,28.74
I0000526,O000604,P00217,6,964.17,5.49
I0000527,O000403,P00017,5,956.63,8.34
I0000528,O000944,P00037,-1,550.14,16.83
I0000529,O000950,P00134,7,161.74,20.18
I0000530,O000021,P00360,3,1148.01,19.82
I0000531,O000911,P00211,4,775.65,1.56
I0000532,O000235,P00060,6,545.01,26.62
I0000533,O000920,P00371,8,606.42,25.95
I0000534,O000472,P00378,4,36.25,14.74
I0000535,O000297,P00417,6,173.2,12.54
I0000536,O000856,P00249,3,166.45,23.46
I0000537,O000641,P00092,8,126.91,33.09
I0000538,O000192,P00171,2,559.48,9.21
I0000539,O000573,P00453,5,707.2,21.59
I0000540,O000158,P00042,6,648.81,4.94
I0000541,O000914,P00099,6,205.42,11.65
I0000542,O000043,P00448,4,1127.5,6.97
I0000543,O000482,P00050,2,547.78,17.95
I0000544,O000466,P00298,2,867.11,17.83
I0000545,O000792,P00015,6,651.98,33.75
I0000546,O000008,P00023,3,96.33,32.61
I0000547,O000445,P00045,3,773.47,29.16
I0000548,O000003,P00422,4,197.36,23.07
I0000549,O000957,P00445,6,1173.97,28.08
I0000550,O000415,P00240,8,529.61,13.7
I0000551,O000579,P00491,2,918.26,25.26
I0000552,O000089,P00206,8,573.63,4.59
I0000553,O000236,P00030,5,89.91,11.35
I0000554,O000337,P00080,6,373.32,12.8
I0000555,O000074,P00329,5,836.73,24.73
I0000556,O000122,P00403,1,85.26,27.29
I0000557,O000131,P00151,7,759.93,4.18
I0000558,O000837,P00288,3,716.77,27.01
I0000559,O000859,P00338,8,723.78,7.64
I0000560,O000691,P00227,5,185.42,1.75
I0000561,O000037,P00363,-1,1126.59,0.41
I0000562,O000600,P00449,8,1068.52,28.9
I0000563,O000383,P00361,5,886.11,7.39
I0000564,O000884,P00327,3,759.78,22.96
I0000565,O000671,P00005,1,332.72,9.9
I0000566,O000852,P00056,6,226.18,24.46
I0000567,O000427,P00057,3,589.77,27.07
I0000568,O000193,P00143,1,701.62,33.52
I0000569,O000055,P00157,4,912.09,7.96
I0000570,O000534,P00315,3,639.19,17.37
I0000571,O000471,P00031,1,47.67,26.09
I0000572,O000237,P00034,1,307.16,1.44
I0000573,O000043,P00312,5,122.11,11.04
I0000574,O000153,P00136,5,916.5,29.11
I0000575,O000486,P00278,6,600.62,22.23
I0000576,O000748,P00342,6,247.33,10.49
I0000577,O000722,P00341,3,541.1,4.61
I0000578,O000326,P00035,4,509.0,17.53
I0000579,O000606,P00057,4,727.41,6.64
I0000580,O000695,P00242,7,53.31,4.44
I0000581,O000488,P00268,5,197.47,26.71
I0000582,O000235,P00361,5,306.95,29.22
I0000583,O000718,P00419,2,74.56,19.29
I0000584,O000324,P00397,3,995.73,8.51
I0000585,O000451,P00282,6,778.36,24.55
I0000586,O000926,P00460,2,1051.13,4.7
I0000587,O000725,P00439,1,695.06,8.2
I0000588,O000921,P00228,2,445.64,3.54
I0000589,O000561,P00162,8,312.71,27.74
I0000590,O000111,P00019,8,641.64,22.58
I0000591,O000455,P00274,8,581.56,27.24
I0000592,O000825,P00105,5,541.44,7.5
I0000593,O000019,P00442,2,184.18,25.75
I0000594,O000602,P00488,-3,230.47,31.03
I0000595,O000863,P00119,1,416.68,12.08
I0000596,O000331,P00079,8,187.27,31.29
I0000597,O000496,P00197,1,204.34,1.77
I0000598,O000118,P00424,7,169.03,32.49
I0000599,O000218,P00238,7,969.01,3.81
I0000600,O000069,P00473,8,969.12,14.78
I0000601,O000725,P00441,7,1170.15,5.05
I0000602,O000373,P00385,6,542.18,34.25
I0000603,O000779,P00443,7,822.04,34.41
I0000604,O000829,P00496,5,358.36,31.32
I0000605,O000456,P00355,1,82.49,12.76
I0000606,O000860,P00031,2,957.25,6.3
I0000607,O000446,P00443,7,1090.5,7.33
I0000608,O000221,P00466,6,422.29,17.31
I0000609,O000634,P00410,7,864.01,5.91
I0000610,O000704,P00063,5,94.78,18.82
I0000611,O000052,P00211,7,1140.35,19.09
I0000612,O000847,P00151,8,39.82,25.27
I0000613,O000738,P00257,1,938.77,11.89
I0000614,O000233,P00220,8,32.05,5.65
I0000615,O000554,P00091,3,240.41,11.51
I0000616,O000491,P00104,8,908.44,12.5
I0000617,O000556,P00225,3,591.51,25.94
I0000618,O000655,P00486,8,1050.8,0.25
I0000619,O000304,P00012,5,515.27,11.31
I0000620,O000567,P00222,8,756.09,22.69
I0000621,O000116,P00049,5,394.52,31.84
I0000622,O000437,P00220,2,407.93,25.02
I0000623,O000393,P00082,7,1161.02,9.9
I0000624,O000277,P00463,1,601.75,18.43
I0000625,O000867,P00488,1,1020.34,34.91
I0000626,O000466,P00094,1,295.96,30.72
I0000627,O000228,P00495,-2,485.16,27.69
I0000628,O000621,P00398,1,905.6,6.9
I0000629,O000947,P00146,5,641.14,30.82
I0000630,O000749,P00474,4,409.69,13.59
I0000631,O000699,P00202,5,424.22,17.95
I0000632,O000578,P00234,1,587.76,11.6
I0000633,O000668,P00128,6,371.33,31.05
I0000634,O000453,P00072,5,1114.9,12.49
I0000635,O000446,P00074,6,701.67,21.72
I0000636,O000117,P00003,3,683.18,33.26
I0000637,O000141,P00446,3,74.95,26.74
I0000638,O000510,P00380,6,936.48,8.88
I0000639,O000167,P00032,6,753.12,20.8
I0000640,O000757,P00210,6,1181.44,12.58
I0000641,O000413,P00438,4,482.67,29.65
I0000642,O000570,P00487,1,527.91,19.12
I0000643,O000240,P00390,1,867.67,19.24
I0000644,O000626,P00056,7,1104.91,13.21
I0000645,O000184,P00318,5,1120.36,27.96
I0000646,O000831,P00185,1,868.48,31.33
I0000647,O000131,P00424,4,788.53,11.88
I0000648,O000605,P00230,8,560.04,20.63
I0000649,O000619,P00350,7,817.74,15.32
I0000650,O000226,P00497,2,460.59,4.34
I0000651,O000785,P00386,4,88.0,24.66
I0000652,O000236,P00110,2,793.27,34.75
I0000653,O000426,P00136,1,700.84,29.64
I0000654,O000199,P00188,4,473.65,14.5
I0000655,O000746,P00013,4,857.0,5.05
I0000656,O000945,P00110,6,119.67,16.38
I0000657,O000077,P00108,2,780.98,1.29
I0000658,O000855,P00150,8,393.48,9.32
I0000659,O000646,P00486,5,147.63,18.85
I0000660,O000221,P00022,-3,433.7,0.4
I0000661,O000222,P00251,4,170.79,25.6
I0000662,O000438,P00445,5,627.02,31.33
I0000663,O000988,P00425,4,488.85,27.9
I0000664,O001000,P00283,7,279.52,14.92
I0000665,O000304,P00386,4,223.5,6.01
I0000666,O000562,P00394,4,1081.55,1.91
I0000667,O000949,P00236,4,1109.73,33.36
I0000668,O000285,P00470,4,349.73,31.42
I0000669,O000915,P00442,6,1080.9,22.46
I0000670,O000664,P00036,6,1023.07,14.38
I0000671,O000416,P00370,1,192.9,10.32
I0000672,O000264,P00032,8,1021.6,21.47
I0000673,O000545,P00455,6,1126.77,19.56
I0000674,O000725,P00018,5,761.9,14.18
I0000675,O000553,P00094,8,861.6,28.24
I0000676,O000553,P00217,3,870.04,30.4
I0000677,O000392,P00202,1,882.2,20.77
I0000678,O000314,P00200,1,596.98,8.46
I0000679,O000817,P00217,8,1101.37,20.46
I0000680,O000540,P00299,8,176.54,25.51
I0000681,O000274,P00274,4,630.23,25.61
I0000682,O000498,P00487,4,96.86,18.64
I0000683,O000807,P00282,6,850.13,11.61
I0000684,O000583,P00295,5,268.4,15.47
I0000685,O000588,P00222,2,494.72,20.3
I0000686,O000584,P00332,3,393.21,10.08
I0000687,O000651,P00151,1,737.24,31.91
I0000688,O000468,P00446,4,78.02,16.96
I0000689,O000499,P00427,4,397.93,16.27
I0000690,O000799,P00030,7,319.46,24.13
I0000691,O000076,P00127,2,592.5,3.29
I0000692,O000737,P00128,1,963.87,16.66
I0000693,O000822,P00370,-2,223.47,33.2
I0000694,O000502,P00235,1,1007.17,28.84
I0000695,O000774,P00053,4,57.67,5.48
I0000696,O000294,P00088,1,235.42,25.54
I0000697,O000499,P00016,6,664.32,34.11
I0000698,O000412,P00386,7,332.65,24.22
I0000699,O000310,P00313,5,72.8,12.77
I0000700,O000032,P00046,5,329.03,6.33
I0000701,O000228,P00138,4,1161.65,29.24
I0000702,O000571,P00208,1,355.18,20.23
I0000703,O000492,P00485,5,981.58,15.24
I0000704,O000738,P00436,1,554.81,13.6
I0000705,O000751,P00062,2,292.81,6.86
I0000706,O000713,P00268,8,1134.16,5.69
I0000707,O000664,P00277,2,968.4,8.03
I0000708,O000731,P00130,5,786.02,26.35
I0000709,O000755,P00226,8,738.61,6.88
I0000710,O000849,P00191,1,1128.44,16.48
I0000711,O000510,P00500,6,809.99,30.43
I0000712,O000405,P00357,2,862.53,16.64
I0000713,O000760,P00154,3,1107.88,7.74
I0000714,O000708,P00450,4,773.09,4.29
I0000715,O000780,P00342,3,980.16,8.47
I0000716,O000641,P00116,3,853.14,24.83
I0000717,O000862,P00159,4,738.87,24.93
I0000718,O001000,P00300,8,245.17,13.54
I0000719,O000463,P00202,1,247.33,0.86
I0000720,O000009,P00388,1,924.0,27.53
I0000721,O000287,P00275,3,957.56,10.46
I0000722,O000766,P00412,7,125.22,30.79
I0000723,O000591,P00464,6,344.58,30.29
I0000724,O000355,P00142,3,157.49,20.04
I0000725,O000994,P00032,2,533.47,0.32
I0000726,O000631,P00018,-2,895.8,16.75
I0000727,O000523,P00008,4,34.44,17.23
I0000728,O000227,P00016,6,443.77,13.65
I0000729,O000676,P00383,5,532.26,0.24
I0000730,O000994,P00497,6,591.6,33.07
I0000731,O000092,P00044,8,115.21,21.92
I0000732,O000771,P00139,2,154.79,22.5
I0000733,O000582,P00027,7,132.13,14.54
I0000734,O000720,P00094,5,930.56,13.28
I0000735,O000403,P00230,3,446.69,6.29
I0000736,O000005,P00482,8,87.21,27.36
I0000737,O000019,P00358,4,712.05,33.71
I0000738,O000960,P00266,6,1028.85,30.83
I0000739,O000583,P00202,3,1096.09,22.02
I0000740,O000018,P00203,6,250.87,25.56
I0000741,O000093,P00142,2,264.88,20.4
I0000742,O000778,P00492,5,1038.29,19.19
I0000743,O000128,P00008,3,995.17,10.31
I0000744,O000198,P00027,5,191.02,23.84
I0000745,O000592,P00033,3,288.95,1.34
I0000746,O000733,P00091,3,342.77,19.6
I0000747,O000359,P00481,6,1059.66,10.69
I0000748,O000708,P00447,1,702.74,12.12
I0000749,O000542,P00145,6,1171.8,16.34
I0000750,O000896,P00219,3,535.58,11.18
I0000751,O000121,P00070,6,147.97,17.24
I0000752,O000243,P00034,2,1102.22,34.44
I0000753,O000436,P00243,6,405.83,3.92
I0000754,O000459,P00057,1,928.99,16.86
I0000755,O000120,P00299,6,911.23,0.57
I0000756,O000440,P00198,7,137.14,25.36
I0000757,O000995,P00102,8,1024.3,1.78
I0000758,O000154,P00071,7,74.58,33.11
I0000759,O000825,P00308,-1,173.58,9.17
I0000760,O000083,P00044,1,719.99,18.24
I0000761,O000220,P00344,8,114.99,11.61
I0000762,O000049,P00430,1,1155.2,17.72
I0000763,O000603,P00239,6,402.59,17.58
I0000764,O000269,P00421,1,938.21,24.12
I0000765,O000152,P00089,8,425.69,9.87
I0000766,O000894,P00137,7,133.08,30.31
I0000767,O000463,P00375,3,879.45,0.63
I0000768,O000287,P00393,7,666.38,21.36
I0000769,O000894,P00079,6,700.42,0.3
I0000770,O000208,P00271,1,992.19,16.71
I0000771,O000756,P00098,1,523.95,16.05
I0000772,O000956,P00005,8,1058.23,7.72
I0000773,O000413,P00242,5,413.38,0.96
I0000774,O000567,P00259,8,186.15,23.59
I0000775,O000964,P00169,1,731.02,27.69
I0000776,O000733,P00307,4,340.48,10.14
I0000777,O000719,P00450,6,23.14,25.65
I0000778,O000918,P00017,4,62.98,26.82
I0000779,O000801,P00224,8,853.12,20.29
I0000780,O000701,P00474,2,1015.7,29.13
I0000781,O000630,P00312,2,332.93,26.1
I0000782,O000237,P00130,3,549.86,25.72
I0000783,O000248,P00248,5,318.71,6.25
I0000784,O000534,P00009,4,70.85,10.79
I0000785,O000093,P00488,8,311.18,4.41
I0000786,O000608,P00010,3,1024.08,18.96
I0000787,O000829,P00283,2,372.17,30.97
I0000788,O000138,P00148,4,889.1,12.16
I0000789,O000070,P00057,3,181.86,22.46
I0000790,O000584,P00073,5,749.18,7.3
I0000791,O000090,P00292,8,305.54,27.72
I0000792,O000275,P00181,-3,164.8,22.3
I0000793,O000575,P00249,2,676.87,34.31
I0000794,O000795,P00073,6,626.65,13.35
I0000795,O000398,P00456,3,28.27,0.61
I0000796,O000196,P00076,1,169.98,9.89
I0000797,O000997,P00407,2,558.34,21.29
I0000798,O000974,P00423,5,169.74,24.73
I0000799,O000596,P00134,1,833.14,23.71
I0000800,O000158,P00047,2,75.48,11.18
I0000801,O000469,P00017,7,1168.03,15.7
I0000802,O000393,P00243,1,573.5,28.69
I0000803,O000380,P00195,4,83.79,33.02
I0000804,O000137,P00437,7,945.55,24.64
I0000805,O000223,P00427,2,890.99,24.51
I0000806,O000394,P00250,6,1187.29,25.16
I0000807,O000266,P00229,2,1009.31,18.46
I0000808,O000702,P00009,4,202.12,3.2
I0000809,O000003,P00158,4,825.24,7.38
I0000810,O000913,P00277,5,74.25,31.57
I0000811,O000076,P00121,1,838.61,0.74
I0000812,O000131,P00188,4,1143.22,10.37
I0000813,O000835,P00068,4,146.04,19.19
I0000814,O000618,P00046,8,65.18,8.02
I0000815,O000490,P00496,7,1023.76,1.46
I0000816,O000877,P00132,7,352.15,16.81
I0000817,O000371,P00224,6,39.82,20.8
I0000818,O001000,P00059,8,467.05,7.7
I0000819,O000750,P00287,7,226.89,14.99
I0000820,O000514,P00008,1,84.43,4.48
I0000821,O000326,P00439,8,159.45,8.37
I0000822,O000558,P00151,1,915.84,32.16
I0000823,O000439,P00370,1,24.19,26.42
I0000824,O000395,P00134,8,1073.48,29.2
I0000825,O000344,P00015,-2,1056.71,20.01
I0000826,O000616,P00019,2,34.78,13.99
I0000827,O000119,P00105,4,757.33,23.62
I0000828,O000168,P00337,7,362.32,31.71
I0000829,O000915,P00218,2,504.16,2.55
I0000830,O000476,P00054,6,606.27,12.13
I0000831,O000205,P00341,8,534.43,20.65
I0000832,O000417,P00175,5,706.78,8.08
I0000833,O000671,P00026,7,29.23,7.87
I0000834,O000217,P00110,2,732.82,21.13
I0000835,O000401,P00196,7,844.4,13.0
I0000836,O000765,P00075,7,339.69,25.28
I0000837,O000570,P00325,4,680.84,5.72
I0000838,O000055,P00424,6,450.34,19.53
I0000839,O000465,P00332,6,650.05,31.14
I0000840,O000347,P00368,7,507.16,24.29
I0000841,O000529,P00244,1,704.31,12.77
I0000842,O000281,P00015,7,391.98,13.84
I0000843,O000035,P00319,2,714.13,3.91
I0000844,O000018,P00171,4,1136.86,29.52
I0000845,O000353,P00280,4,941.24,22.42
I0000846,O000274,P00240,8,111.58,27.96
I0000847,O000946,P00301,5,142.68,34.2
I0000848,O000246,P00082,6,302.83,4.53
I0000849,O000188,P00116,5,603.34,7.66
I0000850,O000818,P00264,6,1018.81,11.65
I0000851,O000362,P00005,6,962.98,14.46
I0000852,O000714,P00136,7,527.95,19.04
I0000853,O000974,P00105,2,779.42,23.45
I0000854,O000770,P00143,8,646.33,3.8
I0000855,O000950,P00388,7,1136.3,3.69
I0000856,O000046,P00383,3,954.23,2.55
I0000857,O000067,P00456,6,1173.39,28.75
I0000858,O000472,P00467,-3,404.6,31.08
I0000859,O000296,P00439,2,213.95,0.92
I0000860,O000316,P00117,7,902.68,13.17
I0000861,O000283,P00225,2,579.58,11.53
I0000862,O000659,P00289,2,42.16,17.45
I0000863,O000832,P00116,5,263.77,2.39
I0000864,O000484,P00368,2,637.98,12.33
I0000865,O000988,P00294,1,770.33,29.28
I0000866,O000458,P00341,8,1148.82,19.41
I0000867,O000230,P00167,7,1158.61,16.28
I0000868,O000189,P00478,2,846.15,13.25
I0000869,O000602,P00403,3,664.17,11.18
I0000870,O000277,P00404,6,615.46,6.17
I0000871,O000467,P00230,7,975.11,9.5
I0000872,O000888,P00212,5,548.63,34.85
I0000873,O000721,P00306,7,1070.5,30.32
I0000874,O000425,P00433,1,31.09,31.99
I0000875,O000234,P00092,6,1042.65,33.14
I0000876,O000979,P00419,4,126.34,31.72
I0000877,O000933,P00272,6,217.68,9.83
I0000878,O000635,P00320,2,283.51,25.93
I0000879,O000792,P00248,8,672.53,22.94
I0000880,O000261,P00461,4,774.99,3.7
I0000881,O000951,P00347,5,355.19,34.36
I0000882,O000231,P00329,5,968.81,23.75
I0000883,O000484,P00291,2,562.09,24.94
I0000884,O000630,P00049,7,748.39,28.69
I0000885,O000143,P00344,4,1199.89,8.9
I0000886,O000961,P00130,3,1033.89,8.91
I0000887,O000881,P00263,7,1166.7,27.46
I0000888,O000334,P00392,3,603.0,27.3
I0000889,O000608,P00426,2,235.74,14.37
I0000890,O000471,P00407,7,998.27,13.45
I0000891,O000079,P00276,-2,222.53,21.17
I0000892,O000507,P00083,7,213.87,17.08
I0000893,O000513,P00372,3,1082.24,20.16
I0000894,O000951,P00103,8,867.56,1.79
I0000895,O000384,P00102,8,401.6,21.97
I0000896,O000145,P00385,2,215.52,20.67
I0000897,O000676,P00416,5,416.6,34.43
I0000898,O000931,P00101,3,81.4,1.95
I0000899,O000434,P00156,6,353.82,26.26
I0000900,O000983,P00059,3,1076.19,15.28
I0000901,O000969,P00431,4,485.39,13.93
I0000902,O000579,P00200,3,97.84,21.45
I0000903,O000540,P00215,7,123.54,7.23
I0000904,O000604,P00438,4,744.49,31.32
I0000905,O000439,P00330,5,613.12,15.3
I0000906,O000063,P00061,5,537.34,8.11
I0000907,O000860,P00375,7,1149.28,1.83
I0000908,O000620,P00079,1,575.45,27.48
I0000909,O000885,P00160,7,931.5,32.04
I0000910,O000788,P00356,2,903.23,31.24
I0000911,O000272,P00205,4,243.33,3.94
I0000912,O000196,P00017,3,228.97,12.56
I0000913,O000600,P00205,1,264.41,26.71
I0000914,O000793,P00253,8,255.3,33.47
I0000915,O000233,P00447,1,395.84,13.13
I0000916,O000472,P00396,6,206.47,11.26
I0000917,O000081,P00472,6,700.6,27.87
I0000918,O000796,P00406,5,1115.68,31.72
I0000919,O000324,P00131,1,800.54,17.05
I0000920,O000998,P00384,7,874.69,18.09
I0000921,O000583,P00013,3,860.64,23.66
I0000922,O000622,P00436,2,656.45,33.65
I0000923,O000484,P00111,7,668.54,1.58
I0000924,O000504,P00010,-3,600.58,28.4
I0000925,O000764,P00226,1,840.58,9.67
I0000926,O000730,P00097,5,243.49,27.13
I0000927,O000432,P00368,3,1155.95,2.3
I0000928,O000733,P00352,5,359.63,30.07
I0000929,O000384,P00324,8,164.79,9.59
I0000930,O000679,P00309,7,505.53,7.79
I0000931,O000581,P00190,2,343.18,30.28
I0000932,O000080,P00132,1,99.09,0.68
I0000933,O000350,P00296,5,332.91,22.39
I0000934,O000605,P00135,5,301.41,14.08
I0000935,O000986,P00111,5,689.8,16.2
I0000936,O000729,P00279,3,227.99,33.27
I0000937,O000023,P00162,8,103.13,2.28
I0000938,O000068,P00055,3,132.37,6.27
I0000939,O000841,P00373,2,664.82,10.92
I0000940,O000658,P00266,2,83.42,29.8
I0000941,O000303,P00401,1,1073.31,9.27
I0000942,O000183,P00008,5,515.64,13.67
I0000943,O000874,P00356,6,863.52,32.82
I0000944,O000969,P00082,4,419.6,18.94
I0000945,O000228,P00360,3,90.09,12.24
I0000946,O000782,P00123,1,1006.23,23.08
I0000947,O000988,P00393,6,750.79,29.26
I0000948,O000971,P00075,2,182.87,11.83
I0000949,O000603,P00125,2,1128.08,28.75
I0000950,O000055,P00001,2,223.08,34.46
I0000951,O000858,P00169,5,742.67,15.71
I0000952,O000402,P00479,6,772.86,15.02
I0000953,O000316,P00408,5,177.04,18.6
I0000954,O000990,P00340,7,508.17,22.15
I0000955,O000498,P00003,7,451.2,7.25
I0000956,O000699,P00458,3,465.71,34.77
I0000957,O000440,P00264,-1,215.77,29.0
I0000958,O000985,P00047,3,627.45,17.95
I0000959,O000662,P00306,3,611.86,13.68
I0000960,O000667,P00387,1,226.54,12.17
I0000961,O000970,P00001,4,771.46,32.54
I0000962,O000324,P00298,5,756.56,4.75
I0000963,O000782,P00144,6,878.9,7.21
I0000964,O000600,P00236,7,545.87,16.91
I0000965,O000756,P00433,5,363.9,28.15
I0000966,O000368,P00243,2,1095.51,1.53
I0000967,O000573,P00318,6,425.12,34.65
I0000968,O000530,P00076,3,627.69,21.32
I0000969,O000013,P00326,6,1148.61,34.13
I0000970,O000050,P00137,8,955.31,12.37
I0000971,O000019,P00177,8,1130.43,17.34
I0000972,O000912,P00302,2,123.98,29.18
I0000973,O000247,P00097,4,127.85,7.18
I0000974,O000112,P00481,1,495.93,11.04
I0000975,O000326,P00062,2,523.49,7.98
I0000976,O000494,P00305,4,738.67,5.64
I0000977,O000532,P00446,5,910.98,5.76
I0000978,O000983,P00383,6,1151.45,6.18
I0000979,O000793,P00346,2,932.32,26.29
I0000980,O000167,P00455,8,627.49,14.65
I0000981,O000963,P00174,2,393.77,30.88
I0000982,O000106,P00245,4,525.04,26.97
I0000983,O000436,P00200,4,1146.85,1.86
I0000984,O000420,P00079,3,957.76,14.09
I0000985,O000816,P00025,6,1034.43,4.2
I0000986,O000948,P00465,2,1072.17,17.33
I0000987,O000446,P00329,8,1062.63,17.23
I0000988,O000704,P00067,8,464.47,7.4
I0000989,O000024,P00245,7,905.53,13.22
I0000990,O000346,P00450,-2,183.82,9.35
I0000991,O000309,P00141,6,857.73,18.63
I0000992,O000298,P00352,4,720.91,27.11
I0000993,O000829,P00464,4,771.48,29.72
I0000994,O000639,P00249,5,1020.79,34.42
I0000995,O000960,P00493,1,903.36,33.1
I0000996,O000656,P00314,8,730.65,17.1
I0000997,O000808,P00230,7,726.74,4.6
I0000998,O000486,P00356,3,621.96,25.99
I0000999,O000798,P00161,6,1182.83,32.69
I0001000,O000138,P00063,6,1068.76,4.51
I0001001,O000976,P00465,1,600.64,0.9
I0001002,O000527,P00182,7,461.17,1.24
I0001003,O000634,P00264,2,632.89,2.5
I0001004,O000750,P00447,1,387.53,16.92
I0001005,O000595,P00143,4,250.41,34.55
I0001006,O000050,P00359,7,350.95,24.55
I0001007,O000421,P00386,6,703.58,16.71
I0001008,O000196,P00147,3,80.5,3.57
I0001009,O000304,P00203,5,488.67,34.41
I0001010,O000927,P00158,5,1087.0,7.15
I0001011,O000689,P00458,8,575.88,6.46
I0001012,O000436,P00222,7,513.72,27.24
I0001013,O000526,P00271,8,450.44,30.29
I0001014,O000147,P00298,4,693.57,26.97
I0001015,O000899,P00152,5,316.63,21.14
I0001016,O000490,P00098,7,743.46,19.55
I0001017,O000016,P00213,2,81.58,28.15
I0001018,O000801,P00001,5,272.8,29.6
I0001019,O000249,P00429,6,868.7,5.21
I0001020,O000618,P00036,5,92.47,33.36
I0001021,O000588,P00317,2,847.07,10.32
I0001022,O000881,P00268,1,45.76,3.91
I0001023,O000423,P00201,-1,1093.1,31.91
I0001024,O000651,P00253,2,1170.01,4.18
I0001025,O000576,P00111,7,871.36,21.27
I0001026,O000362,P00078,6,670.81,29.87
I0001027,O000766,P00071,4,1034.89,8.36
I0001028,O000967,P00124,6,791.57,29.69
I0001029,O000318,P00296,1,490.55,15.26
I0001030,O000091,P00177,6,140.98,19.85
I0001031,O000977,P00421,6,141.1,1.78
I0001032,O000448,P00041,5,1197.75,18.72
I0001033,O000832,P00404,6,30.57,10.6
I0001034,O000540,P00121,6,245.93,1.42
I0001035,O000416,P00152,8,361.52,11.99
I0001036,O000267,P00393,8,1149.0,32.41
I0001037,O000954,P00062,3,583.63,32.16
I0001038,O000575,P00005,4,725.06,28.32
I0001039,O000089,P00361,1,641.04,13.29
I0001040,O000559,P00076,1,460.72,15.6
I0001041,O000372,P00117,6,855.65,23.78
I0001042,O000699,P00086,5,115.33,30.16
I0001043,O000508,P00039,5,189.94,26.34
I0001044,O000137,P00013,1,185.31,6.42
I0001045,O000327,P00102,7,364.91,21.14
I0001046,O000617,P00350,2,789.03,12.98
I0001047,O000892,P00343,8,489.42,26.0
I0001048,O000365,P00429,8,539.23,17.24
I0001049,O000801,P00183,5,452.04,2.34
I0001050,O000188,P00159,1,199.29,2.97
I0001051,O000218,P00285,2,519.76,16.02
I0001052,O000428,P00057,7,1131.22,12.88
I0001053,O000041,P00261,3,286.92,13.43
I0001054,O000968,P00126,4,804.97,18.64
I0001055,O000688,P00278,4,754.95,10.37
I0001056,O000812,P00112,-1,224.15,21.62
I0001057,O000751,P00493,8,391.94,22.56
I0001058,O000830,P00284,2,496.74,33.61
I0001059,O000151,P00211,1,796.01,12.3
I0001060,O000833,P00168,4,271.66,18.51
I0001061,O000231,P00092,5,236.78,7.76
I0001062,O000880,P00018,4,898.4,5.97
I0001063,O000004,P00430,8,874.39,34.64
I0001064,O000902,P00024,2,610.62,9.71
I0001065,O000204,P00136,6,156.64,33.48
I0001066,O000422,P00489,1,1167.17,20.89
I0001067,O000318,P00300,6,114.02,26.13
I0001068,O000218,P00041,3,391.82,6.43
I0001069,O000830,P00140,4,957.17,31.57
I0001070,O000269,P00472,1,445.93,4.91
I0001071,O000040,P00379,8,316.66,5.43
I0001072,O000189,P00034,4,515.4,19.64
I0001073,O000156,P00140,7,1036.44,5.37
I0001074,O000393,P00152,6,540.7,14.1
I0001075,O000984,P00383,2,86.72,24.16
I0001076,O000281,P00011,5,606.98,15.56
I0001077,O000450,P00374,2,856.61,32.31
I0001078,O000122,P00355,5,22.84,8.08
I0001079,O000603,P00451,1,1061.39,33.21
I0001080,O000566,P00398,8,992.27,30.85
I0001081,O000369,P00380,3,222.55,23.43
I0001082,O000103,P00481,2,616.51,3.29
I0001083,O000472,P00040,4,557.86,14.82
I0001084,O000519,P00071,1,438.92,21.37
I0001085,O000290,P00276,5,614.69,31.04
I0001086,O000077,P00127,7,1075.77,12.52
I0001087,O000989,P00334,6,187.62,24.72
I0001088,O000919,P00239,3,143.78,2.16
I0001089,O000297,P00290,-1,318.41,10.78
I0001090,O000746,P00175,8,1080.33,17.07
I0001091,O000863,P00365,5,297.89,33.56
I0001092,O000595,P00233,4,67.78,24.65
I0001093,O000003,P00218,2,611.89,11.94
I0001094,O000291,P00016,1,793.57,33.86
I0001095,O000670,P00185,1,1150.58,22.3
I0001096,O000576,P00139,5,844.73,29.46
I0001097,O000196,P00221,1,980.77,17.47
I0001098,O000417,P00048,8,522.58,34.51
I0001099,O000772,P00002,8,811.78,5.14
I0001100,O000804,P00385,1,682.52,19.18
I0001101,O000229,P00286,4,1045.35,31.2
I0001102,O000257,P00138,4,336.17,28.82
I0001103,O000873,P00256,3,865.56,33.08
I0001104,O000930,P00169,2,349.78,23.99
I0001105,O000253,P00265,1,131.7,7.29
I0001106,O000069,P00186,1,682.88,3.35
I0001107,O000537,P00409,8,20.46,34.85
I0001108,O000305,P00349,5,1052.99,1.38
I0001109,O000036,P00434,8,1011.24,9.92
I0001110,O000669,P00453,8,511.81,14.56
I0001111,O000208,P00159,2,688.57,7.27
I0001112,O000796,P00269,3,761.07,13.64
I0001113,O000243,P00121,5,448.24,22.48
I0001114,O000150,P00043,6,125.48,14.37
I0001115,O000201,P00351,8,1033.29,33.16
I0001116,O000620,P00314,1,1079.24,33.07
I0001117,O000450,P00245,1,1090.51,21.2
I0001118,O000128,P00206,3,349.12,3.52
I0001119,O000084,P00174,3,172.17,33.5
I0001120,O000792,P00168,8,615.14,31.83
I0001121,O000187,P00499,4,631.63,32.08
I0001122,O000644,P00148,-2,755.05,5.16
I0001123,O000159,P00037,6,300.46,13.8
I0001124,O000660,P00309,1,289.83,10.1
I0001125,O000456,P00260,1,600.13,4.34
I0001126,O000156,P00290,4,1195.47,22.46
I0001127,O000881,P00039,5,322.94,22.02
I0001128,O000877,P00204,6,709.42,32.76
I0001129,O000263,P00478,4,374.09,27.51
I0001130,O000053,P00023,7,886.17,23.36
I0001131,O000584,P00172,4,566.11,8.57
I0001132,O000815,P00004,7,1067.09,34.9
I0001133,O000363,P00246,6,978.38,27.53
I0001134,O000456,P00433,2,1102.07,18.37
I0001135,O000598,P00482,5,1069.67,12.21
I0001136,O000934,P00016,4,762.38,23.5
I0001137,O000135,P00290,4,467.72,13.65
I0001138,O000716,P00160,1,1013.79,33.53
I0001139,O000482,P00225,5,1173.3,5.03
I0001140,O000064,P00246,5,369.63,3.35
I0001141,O000507,P00495,6,984.16,30.44
I0001142,O000845,P00101,4,511.29,2.59
I0001143,O000917,P00045,6,601.14,11.76
I0001144,O000203,P00102,5,652.99,22.18
I0001145,O000191,P00195,4,1052.37,21.23
I0001146,O000044,P00012,4,930.45,21.85
I0001147,O000036,P00363,1,1059.26,14.36
I0001148,O000568,P00024,7,699.85,2.14
I0001149,O000293,P00056,6,260.24,33.17
I0001150,O000737,P00396,3,586.57,3.32
I0001151,O000011,P00137,1,880.55,22.34
I0001152,O000595,P00207,5,476.85,16.45
I0001153,O000871,P00155,8,542.32,14.11
I0001154,O000707,P00470,1,1065.98,21.96
I0001155,O000603,P00111,-3,72.61,14.17
I0001156,O000917,P00114,3,197.03,1.99
I0001157,O000387,P00102,8,378.85,1.05
I0001158,O000467,P00121,3,210.77,4.32
I0001159,O000044,P00317,6,611.14,10.47
I0001160,O000095,P00014,6,834.92,18.84
I0001161,O000620,P00423,2,1134.17,30.22
I0001162,O000013,P00100,8,452.58,24.46
I0001163,O000888,P00253,4,253.52,11.07
I0001164,O000972,P00214,8,1157.27,29.38
I0001165,O000914,P00410,5,1195.71,17.78
I0001166,O000908,P00286,8,197.32,8.48
I0001167,O000351,P00244,6,690.98,3.51
I0001168,O000059,P00380,7,598.89,6.54
I0001169,O000841,P00438,3,406.44,31.53
I0001170,O000414,P00106,4,884.02,24.97
I0001171,O000530,P00224,5,384.61,16.89
I0001172,O000815,P00176,3,1147.04,28.64
I0001173,O000419,P00441,5,1143.65,8.02
I0001174,O000329,P00271,2,1110.1,5.68
I0001175,O000847,P00446,5,990.4,6.26
I0001176,O000098,P00422,6,71.08,16.27
I0001177,O000292,P00439,4,64.28,5.72
I0001178,O000973,P00045,5,804.42,3.53
I0001179,O000748,P00147,7,764.53,11.87
I0001180,O000331,P00416,5,78.17,15.28
I0001181,O000718,P00207,6,337.31,13.94
I0001182,O000456,P00369,5,301.14,24.21
I0001183,O000576,P00187,2,89.39,2.67
I0001184,O000414,P00212,3,45.07,20.1
I0001185,O000858,P00342,8,415.71,29.3
I0001186,O000311,P00451,3,1132.17,32.12
I0001187,O000892,P00160,1,949.96,30.67
I0001188,O000222,P00071,-3,335.59,29.39
I0001189,O000598,P00367,6,554.67,3.56
I0001190,O000312,P00029,2,362.64,30.93
I0001191,O000120,P00093,2,265.46,10.21
I0001192,O000108,P00054,4,1044.01,16.63
I0001193,O000006,P00377,1,328.62,17.51
I0001194,O000282,P00095,7,251.54,21.99
I0001195,O000760,P00363,7,319.86,23.32
I0001196,O000316,P00482,5,20.23,33.3
I0001197,O000230,P00316,8,573.97,1.98
I0001198,O000476,P00145,3,617.01,17.4
I0001199,O000063,P00397,7,271.25,16.36
I0001200,O000199,P00139,8,600.87,6.63
I0001201,O000124,P00392,5,709.48,5.28
I0001202,O000387,P00381,6,160.07,28.84
I0001203,O000355,P00474,8,547.23,0.91
I0001204,O000589,P00368,5,990.62,8.4
I0001205,O000984,P00219,5,431.5,31.58
I0001206,O000363,P00177,7,438.78,33.86
I0001207,O000512,P00292,6,1108.26,16.31
I0001208,O000449,P00399,6,726.43,13.72
I0001209,O000911,P00201,3,557.66,2.15
I0001210,O000546,P00042,2,792.99,27.25
I0001211,O000501,P00412,7,206.82,5.1
I0001212,O000415,P00191,5,330.06,18.1
I0001213,O000200,P00124,6,807.6,2.35
I0001214,O000201,P00454,2,533.47,15.67
I0001215,O000128,P00228,1,169.17,32.5
I0001216,O000929,P00118,4,418.49,23.79
I0001217,O000945,P00187,3,371.16,16.45
I0001218,O000604,P00295,5,688.7,0.93
I0001219,O000387,P00336,8,370.21,26.26
I0001220,O000841,P00231,2,943.48,28.96
I0001221,O000142,P00239,-1,692.1,11.99
I0001222,O000566,P00076,1,445.66,8.89
I0001223,O000612,P00271,5,665.45,27.44
I0001224,O000887,P00017,5,61.06,29.52
I0001225,O000567,P00429,7,815.84,28.18
I0001226,O000694,P00223,8,729.5,5.68
I0001227,O000157,P00454,1,806.84,15.14
I0001228,O000344,P00106,8,763.03,6.17
I0001229,O000829,P00346,4,881.04,28.11
I0001230,O000647,P00334,4,43.43,10.9
I0001231,O000711,P00441,8,572.98,3.18
I0001232,O000131,P00127,3,143.7,11.18
I0001233,O000869,P00090,8,183.32,10.78
I0001234,O000103,P00208,4,739.11,29.09
I0001235,O000225,P00173,6,665.13,33.68
I0001236,O000228,P00302,5,316.72,19.27
I0001237,O000959,P00189,7,79.42,24.37
I0001238,O000156,P00018,3,1159.4,28.21
I0001239,O000225,P00122,6,443.07,18.55
I0001240,O000448,P00102,4,1162.18,25.17
I0001241,O000750,P00253,6,358.65,7.02
I0001242,O000285,P00318,8,170.65,6.04
I0001243,O000812,P00250,4,284.54,14.19
I0001244,O000248,P00126,5,508.68,34.26
I0001245,O000118,P00049,5,799.75,25.5
I0001246,O000236,P00030,4,309.74,25.69
I0001247,O000270,P00079,7,969.36,0.16
I0001248,O000130,P00145,2,448.14,3.74
I0001249,O000535,P00378,3,290.88,2.6
I0001250,O000224,P00065,1,603.12,32.03
I0001251,O000450,P00268,5,738.62,24.15
I0001252,O000183,P00386,8,1115.8,27.1
I0001253,O000449,P00320,3,356.39,25.15
I0001254,O000020,P00379,-2,825.53,4.76
I0001255,O000662,P00124,8,869.89,12.24
I0001256,O000128,P00088,5,257.66,0.41
I0001257,O000112,P00344,3,659.06,9.07
I0001258,O000205,P00387,8,1134.07,20.54
I0001259,O000204,P00138,8,697.25,6.77
I0001260,O000073,P00011,3,123.15,27.48
I0001261,O000009,P00116,8,1033.34,30.07
I0001262,O000286,P00189,6,718.99,18.76
I0001263,O000062,P00358,2,418.08,6.57
I0001264,O000379,P00337,7,952.55,11.88
I0001265,O000850,P00468,5,24.85,26.11
I0001266,O000637,P00257,8,297.23,27.44
I0001267,O000253,P00352,2,380.4,19.91
I0001268,O000073,P00264,6,429.23,9.13
I0001269,O000673,P00246,4,196.22,29.77
I0001270,O000678,P00432,2,278.89,28.91
I0001271,O000262,P00261,1,873.85,10.48
I0001272,O000891,P00050,6,435.74,19.96
I0001273,O000963,P00260,8,1150.06,14.63
I0001274,O000190,P00167,4,369.81,28.02
I0001275,O000687,P00018,4,328.64,18.16
I0001276,O000613,P00281,5,452.24,9.27
I0001277,O000318,P00314,3,867.31,6.5
I0001278,O000867,P00116,6,1023.24,16.4
I0001279,O000093,P00163,2,509.73,17.57
I0001280,O000172,P00082,6,988.48,10.86
I0001281,O000105,P00137,1,543.31,32.14
I0001282,O000256,P00077,5,815.97,3.67
I0001283,O000395,P00252,1,834.4,9.75
I0001284,O000946,P00045,7,722.22,5.2
I0001285,O000759,P00426,4,1098.46,22.32
I0001286,O000298,P00299,3,363.81,27.4
I0001287,O000065,P00204,-1,811.56,23.39
I0001288,O000674,P00187,7,181.2,8.06
I0001289,O000499,P00204,1,346.82,18.2
I0001290,O000312,P00402,2,556.78,11.12
I0001291,O000329,P00157,3,453.69,30.21
I0001292,O000984,P00500,1,276.91,2.42
I0001293,O000281,P00150,5,955.92,28.13
I0001294,O000787,P00462,4,777.21,2.77
I0001295,O000959,P00467,2,969.62,6.71
I0001296,O000698,P00340,3,372.83,34.6
I0001297,O000786,P00047,4,280.55,6.89
I0001298,O000423,P00102,5,796.22,18.79
I0001299,O000811,P00343,7,701.78,10.1
I0001300,O000121,P00226,5,905.36,0.52
I0001301,O000676,P00422,4,725.17,2.7
I0001302,O000538,P00031,3,626.02,0.29
I0001303,O000814,P00421,3,138.67,14.93
I0001304,O000375,P00302,3,327.23,14.57
I0001305,O000964,P00414,8,27.26,9.88
I0001306,O000366,P00313,4,715.68,28.45
I0001307,O000247,P00446,8,889.6,16.34
I0001308,O000349,P00390,7,457.32,3.85
I0001309,O000950,P00036,3,856.16,14.36
I0001310,O000552,P00154,3,276.53,0.19
I0001311,O000750,P00278,6,392.43,6.01
I0001312,O000407,P00275,4,1103.04,33.43
I0001313,O000607,P00266,2,883.26,18.73
I0001314,O000332,P00043,1,27.04,5.21
I0001315,O000803,P00175,1,162.39,29.17
I0001316,O000778,P00008,2,98.41,7.72
I0001317,O000243,P00271,1,355.19,32.61
I0001318,O000681,P00227,4,79.52,13.23
I0001319,O000653,P00354,2,820.79,5.76
I0001320,O000622,P00488,-2,853.69,32.01
I0001321,O000509,P00464,4,191.06,14.28
I0001322,O000986,P00250,3,44.91,33.08
I0001323,O000346,P00068,4,938.64,11.77
I0001324,O000358,P00285,5,934.64,13.41
I0001325,O000061,P00270,1,878.23,1.99
I0001326,O000730,P00479,1,469.91,10.62
I0001327,O000988,P00040,3,136.63,26.35
I0001328,O000169,P00264,7,158.0,9.15
I0001329,O000260,P00375,8,824.97,33.49
I0001330,O000387,P00183,2,1051.11,13.25
I0001331,O000340,P00315,3,712.85,27.17
I0001332,O000900,P00360,5,307.52,16.68
I0001333,O000128,P00478,8,835.57,30.26
I0001334,O000248,P00388,3,511.72,22.96
I0001335,O000706,P00061,5,957.04,20.71
I0001336,O000573,P00273,5,97.05,3.06
I0001337,O000323,P00089,5,117.92,1.84
I0001338,O000976,P00191,8,930.34,18.78
I0001339,O000674,P00468,5,691.98,27.76
I0001340,O000477,P00196,7,956.61,2.25
I0001341,O000851,P00168,2,428.47,4.79
I0001342,O000485,P00183,5,552.08,0.19
I0001343,O000869,P00051,8,1124.51,9.55
I0001344,O000288,P00100,6,1074.79,4.3
I0001345,O000832,P00396,7,875.82,6.69
I0001346,O000695,P00139,8,1104.76,19.47
I0001347,O000867,P00179,2,207.24,16.89
I0001348,O000479,P00396,7,445.97,12.74
I0001349,O000963,P00259,6,709.33,22.02
I0001350,O000491,P00418,2,1093.81,26.28
I0001351,O000977,P00476,2,1043.5,13.31
I0001352,O000521,P00048,2,412.63,11.6
I0001353,O000643,P00318,-2,336.47,0.47
I0001354,O000127,P00035,8,890.3,29.79
I0001355,O000070,P00080,1,702.05,18.93
I0001356,O000410,P00208,5,1034.18,13.15
I0001357,O000522,P00177,8,1047.88,19.59
I0001358,O000646,P00463,8,73.78,8.64
I0001359,O000031,P00448,6,863.36,8.81
I0001360,O000562,P00200,8,230.88,27.99
I0001361,O000831,P00106,5,1150.96,6.88
I0001362,O000289,P00435,5,182.42,10.78
I0001363,O000662,P00375,7,260.83,18.55
I0001364,O000791,P00086,1,581.71,1.89
I0001365,O000469,P00353,6,1052.13,24.09
I0001366,O000744,P00330,3,989.03,3.26
I0001367,O000297,P00476,2,790.84,12.12
I0001368,O000818,P00098,7,1119.66,28.4
I0001369,O000260,P00152,6,331.42,18.75
I0001370,O000590,P00241,2,93.05,7.2
I0001371,O000202,P00266,3,973.76,23.77
I0001372,O000215,P00108,2,822.12,18.68
I0001373,O000862,P00013,5,706.41,26.04
I0001374,O000288,P00354,5,982.69,1.53
I0001375,O000829,P00211,1,1033.99,21.45
I0001376,O000802,P00045,1,614.17,25.07
I0001377,O000700,P00404,3,1024.62,16.77
I0001378,O000809,P00437,4,31.34,16.75
I0001379,O000970,P00252,8,836.08,13.04
I0001380,O000297,P00013,2,725.97,12.17
I0001381,O000273,P00420,8,333.15,21.02
I0001382,O000373,P00169,2,203.7,3.02
I0001383,O000400,P00147,5,884.53,7.47
I0001384,O000260,P00402,1,123.73,20.57
I0001385,O000682,P00252,1,365.35,14.69
I0001386,O000875,P00161,-2,882.77,12.93
I0001387,O000888,P00270,6,165.69,14.4
I0001388,O000403,P00425,3,945.2,4.89
I0001389,O000521,P00082,1,1062.37,32.57
I0001390,O000457,P00007,6,119.86,8.93
I0001391,O000511,P00258,2,331.66,1.28
I0001392,O000081,P00071,3,515.3,32.3
I0001393,O000274,P00021,7,1132.0,12.09
I0001394,O000400,P00305,5,727.77,28.46
I0001395,O000974,P00242,7,698.51,29.89
I0001396,O000820,P00412,4,608.76,31.08
I0001397,O000969,P00392,6,667.1,17.89
I0001398,O000934,P00461,5,856.31,32.63
I0001399,O000679,P00266,4,1028.12,0.23
I0001400,O000520,P00460,1,792.49,3.89
I0001401,O000280,P00172,7,571.27,31.26
I0001402,O000434,P00219,4,630.32,27.69
I0001403,O000415,P00204,8,1017.88,31.33
I0001404,O000576,P00404,7,583.78,20.1
I0001405,O000538,P00197,5,1142.15,23.81
I0001406,O000900,P00211,8,106.16,13.62
I0001407,O000623,P00332,7,1135.88,2.38
I0001408,O000101,P00277,6,1195.06,6.13
I0001409,O000467,P00362,3,113.85,17.91
I0001410,O000611,P00441,3,1020.31,28.03
I0001411,O000068,P00499,2,786.02,2.25
I0001412,O000160,P00195,3,174.35,3.0
I0001413,O000054,P00452,7,616.09,32.9
I0001414,O000868,P00064,8,711.15,14.19
I0001415,O000241,P00290,7,741.15,33.16
I0001416,O000989,P00360,3,452.52,12.63
I0001417,O000785,P00328,1,848.39,1.9
I0001418,O000110,P00418,2,527.18,34.8
I0001419,O000227,P00111,-1,1126.89,26.65
I0001420,O000848,P00078,8,327.46,23.99
I0001421,O000839,P00080,1,243.46,1.77
I0001422,O000920,P00435,6,356.75,3.23
I0001423,O000787,P00075,2,341.17,31.43
I0001424,O000323,P00050,2,517.04,5.43
I0001425,O000098,P00145,1,206.91,23.44
I0001426,O000647,P00485,4,142.64,1.36
I0001427,O000488,P00472,1,398.03,29.75
I0001428,O000184,P00206,6,458.27,27.02
I0001429,O000766,P00178,8,737.6,33.9
I0001430,O000729,P00055,2,248.91,26.38
I0001431,O000277,P00275,1,1089.55,15.17
I0001432,O000770,P00456,6,926.99,24.3
I0001433,O000526,P00178,2,634.32,4.23
I0001434,O000009,P00105,8,259.02,9.95
I0001435,O000426,P00407,5,1160.86,31.89
I0001436,O000612,P00464,4,186.17,25.52
I0001437,O000149,P00480,8,920.24,14.33
I0001438,O000410,P00310,2,691.23,11.52
I0001439,O000394,P00131,7,921.04,16.7
I0001440,O000466,P00448,4,814.74,21.06
I0001441,O000365,P00040,5,1120.92,28.72
I0001442,O000614,P00065,6,154.59,1.48
I0001443,O000186,P00443,4,849.32,3.49
I0001444,O000705,P00062,4,770.77,6.44
I0001445,O000062,P00209,8,844.92,19.33
I0001446,O000630,P00144,6,1174.06,34.98
I0001447,O000514,P00394,6,78.29,10.17
I0001448,O000156,P00259,3,539.62,20.43
I0001449,O000958,P00006,2,1169.38,7.0
I0001450,O000520,P00124,2,653.81,28.86
I0001451,O000436,P00458,6,368.06,23.18
I0001452,O000745,P00312,-3,1001.61,1.18
I0001453,O000670,P00156,1,482.71,8.2
I0001454,O000590,P00316,6,759.62,12.42
I0001455,O000364,P00026,7,102.19,5.05
I0001456,O000217,P00063,8,297.32,29.55
I0001457,O000172,P00371,2,495.39,34.75
I0001458,O000533,P00177,5,1128.21,15.17
I0001459,O000092,P00239,1,772.26,11.41
I0001460,O000326,P00490,3,640.6,16.17
I0001461,O000795,P00265,1,786.53,0.16
I0001462,O000706,P00148,6,852.3,30.99
I0001463,O000376,P00400,5,102.74,16.13
I0001464,O000159,P00493,3,1154.65,21.2
I0001465,O000777,P00219,8,918.45,3.73
I0001466,O000504,P00204,2,565.05,3.06
I0001467,O000011,P00170,1,686.58,21.73
I0001468,O000272,P00023,5,884.25,19.8
I0001469,O000674,P00285,7,380.26,33.91
I0001470,O000647,P00372,2,440.03,33.28
I0001471,O000134,P00331,7,690.99,25.07
I0001472,O000970,P00260,8,465.43,22.37
I0001473,O000859,P00268,3,389.73,33.38
I0001474,O000824,P00136,4,134.55,19.61
I0001475,O000458,P00279,1,108.75,27.4
I0001476,O000815,P00448,3,1094.57,25.5
I0001477,O000545,P00464,4,545.86,7.87
I0001478,O000861,P00459,7,1150.47,5.93
I0001479,O000114,P00009,2,430.78,11.71
I0001480,O000011,P00258,3,852.63,20.1
I0001481,O000080,P00430,1,268.57,13.08
I0001482,O000052,P00476,3,315.83,9.15
I0001483,O000401,P00315,3,1014.68,0.76
I0001484,O000906,P00177,7,71.41,17.38
I0001485,O000673,P00148,-1,924.08,4.01
I0001486,O000515,P00244,4,392.13,22.76
I0001487,O000306,P00096,2,571.54,21.67
I0001488,O000221,P00456,5,732.48,5.71
I0001489,O000922,P00134,5,270.48,12.01
I0001490,O000934,P00490,6,223.69,16.69
I0001491,O000395,P00025,3,424.6,15.79
I0001492,O000388,P00091,1,472.51,28.17
I0001493,O000832,P00400,8,910.86,24.79
I0001494,O000579,P00341,4,533.22,3.2
I0001495,O000296,P00113,3,429.23,27.81
I0001496,O000492,P00308,8,873.13,19.81
I0001497,O001000,P00237,1,815.36,26.99
I0001498,O000694,P00147,2,662.62,15.23
I0001499,O000548,P00197,7,1177.04,12.11
I0001500,O000573,P00220,3,1030.82,11.27
I0001501,O000596,P00068,3,775.91,21.18
I0001502,O000638,P00084,2,195.43,34.12
I0001503,O000648,P00487,1,681.2,27.66
I0001504,O000153,P00062,1,808.76,17.61
I0001505,O000136,P00246,7,1098.8,22.45
I0001506,O000589,P00362,3,1162.9,29.32
I0001507,O000250,P00479,3,325.85,15.95
I0001508,O000795,P00409,2,43.4,27.69
I0001509,O000893,P00465,3,783.32,12.12
I0001510,O000239,P00139,7,693.93,25.43
I0001511,O000613,P00389,1,305.12,26.96
I0001512,O000918,P00110,7,33.19,26.52
I0001513,O000931,P00123,1,631.52,19.95
I0001514,O000746,P00084,2,975.8,23.35
I0001515,O000821,P00067,3,186.47,34.92
I0001516,O000156,P00344,5,567.02,8.78
I0001517,O000708,P00261,4,396.04,3.17
I0001518,O000220,P00268,-3,1008.48,10.99
I0001519,O000726,P00317,1,764.16,20.61
I0001520,O000811,P00141,2,1127.48,25.96
I0001521,O000206,P00347,8,724.45,3.51
I0001522,O000574,P00421,6,994.51,15.29
I0001523,O000616,P00491,6,90.89,17.93
I0001524,O000475,P00149,2,853.1,18.59
I0001525,O000323,P00420,7,727.83,14.04
I0001526,O000245,P00219,7,927.77,8.5
I0001527,O000262,P00374,4,379.06,3.55
I0001528,O000474,P00136,7,935.42,33.88
I0001529,O000817,P00348,2,55.26,28.7
I0001530,O000973,P00125,6,1136.43,2.32
I0001531,O000690,P00351,8,857.12,25.81
I0001532,O000619,P00338,6,1169.55,15.81
I0001533,O000549,P00272,1,594.66,33.12
I0001534,O000764,P00071,1,1098.66,10.88
I0001535,O000494,P00488,2,228.6,26.44
I0001536,O000827,P00441,1,725.74,30.66
I0001537,O000570,P00109,5,992.21,32.04
I0001538,O000137,P00358,4,807.93,9.25
I0001539,O000475,P00140,4,53.58,22.46
I0001540,O000827,P00238,4,761.66,9.65
I0001541,O000377,P00273,1,480.86,23.04
I0001542,O000120,P00227,3,149.53,10.15
I0001543,O000379,P00245,5,912.27,32.06
I0001544,O000636,P00340,1,328.73,30.35
I0001545,O000711,P00151,1,1062.78,22.43
I0001546,O000474,P00290,4,596.27,15.08
I0001547,O000749,P00451,1,922.54,4.64
I0001548,O000933,P00327,1,471.23,20.23
I0001549,O000478,P00015,4,338.65,2.87
I0001550,O000756,P00301,4,884.83,15.04
I0001551,O000246,P00429,-3,460.23,2.05
I0001552,O000964,P00012,1,246.55,25.52
I0001553,O000779,P00176,3,115.37,25.51
I0001554,O000917,P00002,5,1013.42,16.48
I0001555,O000918,P00059,6,1189.58,15.21
I0001556,O000068,P00141,4,962.74,6.56
I0001557,O000098,P00135,1,751.25,18.65
I0001558,O000047,P00158,7,777.14,6.27
I0001559,O000228,P00124,3,614.16,10.31
I0001560,O000311,P00317,8,263.65,30.54
I0001561,O000866,P00232,4,957.9,29.59
I0001562,O000197,P00112,8,1085.56,27.34
I0001563,O000952,P00005,8,436.52,0.39
I0001564,O000632,P00270,4,855.72,25.19
I0001565,O000351,P00297,3,175.42,31.49
I0001566,O000681,P00031,7,693.8,18.58
I0001567,O000990,P00093,3,106.26,16.8
I0001568,O000739,P00131,4,1067.79,31.76
I0001569,O000514,P00061,8,403.29,21.6
I0001570,O000979,P00025,2,122.42,23.09
I0001571,O000936,P00200,4,400.57,30.42
I0001572,O000612,P00378,3,1017.77,0.86
I0001573,O000073,P00336,1,932.63,18.91
I0001574,O000083,P00401,3,432.79,8.43
I0001575,O000001,P00406,2,444.16,15.0
I0001576,O000814,P00127,4,108.13,6.93
I0001577,O000873,P00154,1,560.5,4.84
I0001578,O000608,P00071,8,693.17,11.41
I0001579,O000450,P00068,1,801.58,31.73
I0001580,O000671,P00033,8,1167.79,24.25
I0001581,O000328,P00217,6,402.76,9.44
I0001582,O000386,P00042,6,633.44,28.74
I0001583,O000366,P00315,8,1021.77,2.36
I0001584,O000445,P00282,-2,825.92,14.89
I0001585,O000271,P00473,4,107.65,8.8
I0001586,O000591,P00141,4,1102.07,1.34
I0001587,O000482,P00256,4,803.99,32.27
I0001588,O000114,P00342,7,518.36,15.26
I0001589,O000718,P00145,1,641.61,34.93
I0001590,O000236,P00180,8,778.08,30.84
I0001591,O000078,P00133,7,480.43,6.86
I0001592,O000195,P00385,1,316.65,20.65
I0001593,O000625,P00054,7,108.16,2.6
I0001594,O000673,P00080,8,979.91,33.99
I0001595,O000876,P00383,4,806.88,21.97
I0001596,O000666,P00146,2,863.17,10.23
I0001597,O000923,P00208,7,97.94,13.65
I0001598,O000188,P00037,7,614.6,26.41
I0001599,O000541,P00424,3,386.52,9.76
I0001600,O000848,P00368,4,900.71,7.58
I0001601,O000067,P00260,6,309.26,19.25
I0001602,O000952,P00312,4,1091.94,31.66
I0001603,O000822,P00093,7,652.35,8.35
I0001604,O000635,P00087,2,304.47,1.56
I0001605,O000686,P00223,3,339.91,19.88
I0001606,O000689,P00494,1,826.91,30.42
I0001607,O000007,P00246,2,639.66,16.53
I0001608,O000046,P00112,2,383.66,15.76
I0001609,O000453,P00159,3,275.43,13.14
I0001610,O000218,P00482,3,177.35,14.83
I0001611,O000917,P00390,4,208.35,31.36
I0001612,O000712,P00125,6,636.68,31.78
I0001613,O000900,P00194,5,641.19,21.3
I0001614,O000231,P00399,2,708.66,33.43
I0001615,O000217,P00298,6,890.22,19.76
I0001616,O000784,P00233,7,447.54,13.08
I0001617,O000249,P00385,-1,971.3,22.89
I0001618,O000945,P00042,3,65.71,34.36
I0001619,O000066,P00401,8,576.11,6.84
I0001620,O000143,P00399,8,1152.22,3.5
I0001621,O000005,P00058,5,194.44,26.63
I0001622,O000035,P00386,4,484.71,31.95
I0001623,O000025,P00335,6,1155.72,1.11
I0001624,O000355,P00101,2,346.72,1.36
I0001625,O000660,P00023,2,286.22,21.81
I0001626,O000934,P00185,1,552.98,13.33
I0001627,O000224,P00044,8,750.74,0.6
I0001628,O000612,P00428,1,1045.47,3.99
I0001629,O000263,P00450,6,892.72,18.72
I0001630,O000609,P00486,3,73.57,21.68
I0001631,O000575,P00228,3,382.32,0.79
I0001632,O000250,P00336,1,230.4,18.56
I0001633,O000790,P00360,5,422.8,10.15
I0001634,O000487,P00173,4,863.28,21.92
I0001635,O000497,P00346,8,823.33,23.62
I0001636,O000345,P00490,4,371.52,31.94
I0001637,O000107,P00090,2,992.19,10.85
I0001638,O000229,P00036,4,647.26,8.52
I0001639,O000908,P00435,6,1098.67,31.05
I0001640,O000467,P00408,4,794.36,27.1
I0001641,O000687,P00311,1,282.48,32.81
I0001642,O000680,P00166,7,186.46,0.2
I0001643,O000211,P00026,4,1016.78,29.45
I0001644,O000187,P00477,1,210.0,11.51
I0001645,O000999,P00129,3,325.9,1.35
I0001646,O000299,P00394,2,1053.46,31.98
I0001647,O000500,P00128,8,762.0,20.03
I0001648,O000094,P00061,1,226.88,0.46
I0001649,O000418,P00399,5,381.96,5.93
I0001650,O000478,P00389,-3,571.54,2.48
I0001651,O001000,P00387,4,21.7,8.22
I0001652,O000189,P00452,1,365.1,9.09
I0001653,O000940,P00341,4,462.18,29.96
I0001654,O000144,P00280,2,891.14,24.16
I0001655,O000128,P00343,1,888.82,25.12
I0001656,O000353,P00060,3,171.3,15.37
I0001657,O000036,P00438,6,221.66,1.41
I0001658,O000506,P00341,6,270.87,10.27
I0001659,O000244,P00477,5,947.82,25.39
I0001660,O000792,P00298,8,160.62,32.37
I0001661,O000990,P00332,6,858.79,9.55
I0001662,O000055,P00488,8,721.66,25.77
I0001663,O000515,P00472,8,1099.15,7.23
I0001664,O000193,P00160,3,827.27,23.48
I0001665,O000638,P00450,7,554.69,9.48
I0001666,O000099,P00326,4,1067.77,24.05
I0001667,O000176,P00353,8,546.78,23.99
I0001668,O000200,P00422,6,868.98,14.74
I0001669,O000744,P00358,6,1185.41,11.17
I0001670,O000702,P00440,7,889.63,13.03
I0001671,O000636,P00132,4,635.53,18.25
I0001672,O000334,P00440,6,138.5,23.78
I0001673,O000143,P00479,5,964.46,23.47
I0001674,O000906,P00295,5,491.78,25.05
I0001675,O000271,P00187,8,270.51,2.85
I0001676,O000304,P00107,3,1007.44,13.96
I0001677,O000322,P00207,5,637.4,29.43
I0001678,O000219,P00300,6,624.32,7.06
I0001679,O000307,P00372,5,1068.89,1.3
I0001680,O000765,P00133,4,67.32,8.25
I0001681,O000683,P00318,5,729.36,11.03
I0001682,O000734,P00368,2,302.67,11.13
I0001683,O000914,P00037,-3,752.57,34.54
I0001684,O000258,P00409,5,498.21,4.12
I0001685,O000300,P00200,6,918.15,4.34
I0001686,O000810,P00365,8,977.19,24.8
I0001687,O000807,P00226,4,617.17,12.49
I0001688,O000479,P00379,1,578.72,3.51
I0001689,O000716,P00199,3,503.61,34.19
I0001690,O000289,P00358,8,681.46,12.8
I0001691,O000319,P00456,7,1118.73,34.19
I0001692,O000620,P00065,6,63.91,10.35
I0001693,O000375,P00224,5,563.46,10.22
I0001694,O000348,P00030,5,178.25,28.1
I0001695,O000575,P00308,4,381.52,7.76
I0001696,O000298,P00037,2,1045.7,9.83
I0001697,O000145,P00176,6,177.67,31.48
I0001698,O000671,P00382,2,921.02,31.52
I0001699,O000950,P00267,4,368.44,21.35
I0001700,O000908,P00254,3,316.13,20.89
I0001701,O000069,P00151,5,1031.16,16.01
I0001702,O000252,P00102,4,930.17,6.45
I0001703,O000796,P00306,3,1176.52,1.84
I0001704,O000151,P00486,3,522.35,32.76
I0001705,O000685,P00279,2,262.09,5.41
I0001706,O000051,P00130,2,314.2,3.25
I0001707,O000689,P00184,5,468.68,29.44
I0001708,O000867,P00285,5,435.81,7.16
I0001709,O000127,P00285,4,665.65,9.65
I0001710,O000599,P00087,4,255.28,31.2
I0001711,O000753,P00216,4,267.92,7.09
I0001712,O000297,P00348,7,612.59,14.42
I0001713,O000597,P00093,1,788.14,28.6
I0001714,O000135,P00185,7,911.42,1.42
I0001715,O000942,P00457,6,34.95,6.78
I0001716,O000454,P00271,-1,778.01,5.68
I0001717,O000369,P00424,3,1048.05,8.42
I0001718,O000953,P00121,5,1009.04,17.6
I0001719,O000011,P00378,3,104.84,12.3
I0001720,O000314,P00039,3,998.37,10.38
I0001721,O000570,P00157,1,323.36,20.04
I0001722,O000006,P00019,7,800.53,29.42
I0001723,O000434,P00110,5,1036.8,10.28
I0001724,O000383,P00145,2,852.96,33.99
I0001725,O000466,P00259,8,1194.28,11.76
I0001726,O000124,P00355,1,507.25,2.41
I0001727,O000665,P00432,4,523.99,8.83
I0001728,O000663,P00402,2,540.37,21.79
I0001729,O000313,P00003,5,197.5,20.76
I0001730,O000802,P00072,2,857.32,16.61
I0001731,O000798,P00169,3,835.92,20.52
I0001732,O000794,P00311,1,156.58,13.96
I0001733,O000047,P00048,5,452.2,8.92
I0001734,O000727,P00398,5,129.5,27.16
I0001735,O000468,P00101,2,909.69,17.47
I0001736,O000813,P00051,3,1102.43,32.8
I0001737,O000692,P00355,5,95.51,30.21
I0001738,O000053,P00174,3,381.93,24.36
I0001739,O000664,P00383,4,1065.44,22.59
I0001740,O000052,P00468,8,295.72,32.03
I0001741,O000478,P00272,3,1069.23,33.43
I0001742,O000650,P00451,7,710.5,19.32
I0001743,O000861,P00421,2,698.6,6.35
I0001744,O000240,P00051,8,374.05,24.24
I0001745,O000423,P00382,1,597.11,23.98
I0001746,O000123,P00071,4,186.75,34.04
I0001747,O000553,P00448,3,146.24,5.81
I0001748,O000151,P00254,7,664.62,15.46
I0001749,O000095,P00056,-2,1196.37,33.58
I0001750,O000771,P00329,2,216.25,27.04
I0001751,O000988,P00167,3,104.58,4.5
I0001752,O000019,P00242,7,1117.98,12.1
I0001753,O000770,P00476,6,634.45,15.32
I0001754,O000251,P00267,4,891.5,17.43
I0001755,O000686,P00253,5,1188.0,13.02
I0001756,O000109,P00377,4,1059.23,12.7
I0001757,O000663,P00078,2,1174.17,33.12
I0001758,O000750,P00273,8,239.5,23.24
I0001759,O000925,P00248,6,439.83,7.11
I0001760,O000290,P00227,4,503.64,31.71
I0001761,O000787,P00115,1,640.07,6.76
I0001762,O000791,P00306,3,875.19,24.99
I0001763,O000983,P00155,3,684.63,24.82
I0001764,O000208,P00405,7,167.73,31.88
I0001765,O000069,P00375,4,879.93,6.28
I0001766,O000813,P00167,4,213.85,1.64
I0001767,O000243,P00320,5,23.17,19.21
I0001768,O000858,P00011,7,857.89,21.07
I0001769,O000215,P00001,2,503.43,33.47
I0001770,O000299,P00279,4,1076.2,5.31
I0001771,O000474,P00292,1,218.51,31.75
I0001772,O000616,P00461,1,854.28,33.69
I0001773,O000349,P00445,8,657.88,17.01
I0001774,O000099,P00125,3,319.86,21.32
I0001775,O000298,P00270,5,103.79,14.59
I0001776,O000589,P00349,1,378.25,10.18
I0001777,O000699,P00015,3,982.88,7.74
I0001778,O000211,P00137,6,1103.78,16.62
I0001779,O000645,P00216,6,581.32,5.15
I0001780,O000557,P00297,1,963.74,5.97
I0001781,O000498,P00308,6,206.07,2.99
I0001782,O000777,P00153,-3,425.59,23.92
I0001783,O000648,P00449,8,854.57,8.78
I0001784,O000105,P00312,1,717.82,34.26
I0001785,O000196,P00351,2,256.14,19.33
I0001786,O000576,P00041,7,330.38,21.15
I0001787,O000819,P00078,2,451.01,6.05
I0001788,O000809,P00313,1,97.96,18.22
I0001789,O000977,P00099,2,288.13,31.12
I0001790,O000146,P00452,5,1132.93,25.86
I0001791,O000686,P00346,5,899.2,21.59
I0001792,O000903,P00309,5,382.91,6.16
I0001793,O000083,P00435,5,663.75,7.19
I0001794,O000019,P00256,1,1125.31,11.93
I0001795,O000747,P00464,2,314.56,32.98
I0001796,O000442,P00309,7,502.92,33.67
I0001797,O000856,P00064,1,635.13,9.38
I0001798,O000480,P00073,4,754.73,13.17
I0001799,O000422,P00290,3,520.52,31.32
I0001800,O000109,P00170,6,984.42,7.06
I0001801,O000632,P00398,1,95.14,18.17
I0001802,O000791,P00304,1,847.98,13.58
I0001803,O000305,P00353,8,259.89,6.78
I0001804,O000142,P00386,4,120.6,18.73
I0001805,O000754,P00104,8,417.54,17.6
I0001806,O000750,P00133,4,702.4,3.38
I0001807,O000030,P00071,8,642.44,33.11
I0001808,O000747,P00071,2,429.04,30.03
I0001809,O000225,P00211,7,941.43,10.83
I0001810,O000299,P00380,6,389.27,14.99
I0001811,O000601,P00432,8,164.08,22.88
I0001812,O000260,P00499,5,1029.35,1.81
I0001813,O000685,P00458,5,924.55,6.13
I0001814,O000800,P00105,5,507.81,3.29
I0001815,O000146,P00075,-2,27.94,23.76
I0001816,O000395,P00035,6,441.18,4.47
I0001817,O000655,P00423,1,523.9,7.99
I0001818,O000739,P00291,1,310.84,31.6
I0001819,O000667,P00433,2,504.6,31.05
I0001820,O000692,P00095,2,336.98,17.51
I0001821,O000878,P00033,6,1175.04,19.29
I0001822,O000591,P00264,6,1023.41,1.91
I0001823,O000876,P00289,7,421.78,25.82
I0001824,O000435,P00173,7,446.34,11.15
I0001825,O000584,P00291,8,49.74,23.22
I0001826,O000790,P00315,8,863.77,1.46
I0001827,O000234,P00478,2,1120.44,31.96
I0001828,O000220,P00346,7,95.92,5.64
I0001829,O000516,P00213,4,824.38,3.71
I0001830,O000248,P00206,4,65.37,25.92
I0001831,O000663,P00052,7,423.66,6.5
I0001832,O000994,P00029,3,1114.12,29.01
I0001833,O000904,P00268,1,1134.99,16.45
I0001834,O000441,P00193,5,280.19,10.92
I0001835,O000528,P00260,5,48.15,3.56
I0001836,O000835,P00417,4,401.69,6.25
I0001837,O000632,P00086,6,605.18,4.84
I0001838,O000461,P00238,5,398.18,9.69
I0001839,O000412,P00023,2,1167.4,10.44
I0001840,O000815,P00064,1,522.36,13.17
I0001841,O000353,P00476,8,74.66,5.66
I0001842,O000929,P00280,4,1097.07,31.68
I0001843,O000558,P00194,6,1064.97,7.01
I0001844,O000686,P00441,7,234.62,6.51
I0001845,O000016,P00068,1,292.29,15.85
I0001846,O000035,P00169,6,197.93,17.46
I0001847,O000793,P00232,2,1005.81,22.45
I0001848,O000813,P00258,-1,1017.11,18.73
I0001849,O000667,P00238,5,1175.82,33.25
I0001850,O000898,P00218,1,176.08,34.22
I0001851,O000685,P00061,2,817.4,13.34
I0001852,O000256,P00463,1,983.45,14.81
I0001853,O000277,P00191,2,214.52,17.49
I0001854,O000368,P00166,2,633.24,11.89
I0001855,O000711,P00044,6,387.47,29.21
I0001856,O000974,P00323,3,116.57,12.88
I0001857,O000324,P00219,7,111.46,7.05
I0001858,O000070,P00178,6,882.91,6.74
I0001859,O000828,P00370,8,1081.92,12.34
I0001860,O000487,P00098,8,247.7,28.91
I0001861,O000210,P00362,1,35.31,31.19
I0001862,O000097,P00167,4,684.92,31.91
I0001863,O000668,P00055,6,518.21,29.97
I0001864,O000198,P00146,3,1113.3,8.46
I0001865,O000181,P00252,6,615.43,21.86
I0001866,O000736,P00483,4,1076.79,10.44
I0001867,O000704,P00235,6,1124.98,11.8
I0001868,O000662,P00375,2,749.65,14.02
I0001869,O000179,P00029,2,67.19,30.93
I0001870,O000925,P00452,1,636.86,32.4
I0001871,O000358,P00473,1,707.78,33.6
I0001872,O000129,P00071,7,82.48,26.66
I0001873,O000739,P00317,3,1081.01,11.24
I0001874,O000642,P00264,3,796.2,26.91
I0001875,O000029,P00401,3,253.15,24.78
I0001876,O000568,P00401,2,1163.97,8.54
I0001877,O000668,P00321,2,489.05,29.38
I0001878,O000781,P00376,6,728.36,23.13
I0001879,O000505,P00465,8,546.59,11.59
I0001880,O000806,P00227,4,279.42,11.05
I0001881,O000900,P00188,-2,529.01,26.94
I0001882,O000768,P00430,2,76.11,18.35
I0001883,O000685,P00483,8,136.61,15.95
I0001884,O000431,P00402,6,1125.36,23.05
I0001885,O000512,P00440,6,519.98,13.59
I0001886,O000024,P00188,8,272.41,13.86
I0001887,O000143,P00081,6,1049.03,20.36
I0001888,O000976,P00048,5,704.37,32.0
I0001889,O000841,P00436,1,245.17,13.34
I0001890,O000556,P00006,7,1155.81,8.51
I0001891,O000213,P00406,1,837.25,27.99
I0001892,O000630,P00328,6,617.15,5.31
I0001893,O000638,P00191,3,1117.74,34.84
I0001894,O000373,P00328,5,785.61,26.18
I0001895,O000138,P00015,5,478.77,23.72
I0001896,O000118,P00149,8,1099.69,18.78
I0001897,O000726,P00363,8,517.7,17.25
I0001898,O000912,P00448,6,634.91,1.44
I0001899,O000261,P00017,3,656.68,4.56
I0001900,O000626,P00047,8,191.73,33.37
I0001901,O000761,P00080,8,313.96,2.64
I0001902,O000365,P00181,4,716.0,5.56
I0001903,O000046,P00275,5,330.54,0.07
I0001904,O000875,P00482,3,1148.04,13.6
I0001905,O000509,P00424,3,565.39,25.38
I0001906,O000633,P00268,2,142.08,28.75
I0001907,O000338,P00173,8,937.44,10.7
I0001908,O000342,P00043,5,240.81,27.82
I0001909,O000585,P00436,8,335.68,1.96
I0001910,O000376,P00349,4,604.56,9.12
I0001911,O000951,P00035,3,1013.17,1.64
I0001912,O000460,P00396,6,719.78,24.78
I0001913,O000741,P00266,3,245.53,5.2
I0001914,O000908,P00106,-3,842.39,17.58
I0001915,O000468,P00041,4,386.5,1.71
I0001916,O000644,P00239,1,588.21,29.48
I0001917,O000356,P00444,3,751.23,4.88
I0001918,O000597,P00439,4,788.32,1.6
I0001919,O000757,P00282,8,1143.12,16.06
I0001920,O000158,P00249,8,572.37,25.13
I0001921,O000224,P00484,3,300.99,32.52
I0001922,O000831,P00311,2,971.49,24.96
I0001923,O000686,P00345,8,1115.85,19.88
I0001924,O000249,P00074,5,742.96,2.23
I0001925,O000471,P00335,7,392.89,7.76
I0001926,O000378,P00089,2,835.35,15.51
I0001927,O000898,P00018,7,871.47,33.79
I0001928,O000544,P00037,8,534.14,21.47
I0001929,O000584,P00476,1,119.44,17.51
I0001930,O000541,P00002,4,424.08,13.8
I0001931,O000186,P00312,7,110.64,32.61
I0001932,O000823,P00306,7,860.25,9.07
I0001933,O000935,P00395,3,188.69,6.17
I0001934,O000339,P00274,2,412.04,13.41
I0001935,O000783,P00128,3,443.43,7.75
I0001936,O000398,P00366,6,918.28,21.04
I0001937,O000552,P00392,2,769.31,26.03
I0001938,O000554,P00418,1,345.65,28.36
I0001939,O000666,P00165,1,478.01,3.23
I0001940,O000939,P00089,6,336.19,4.64
I0001941,O000268,P00480,6,761.9,5.53
I0001942,O000941,P00402,5,1108.76,17.24
I0001943,O000320,P00172,6,942.32,5.98
I0001944,O000180,P00251,8,936.89,20.8
I0001945,O000769,P00115,6,403.69,30.78
I0001946,O000308,P00069,4,1079.1,29.22
I0001947,O000300,P00480,-3,913.06,11.28
I0001948,O000935,P00421,2,507.29,22.49
I0001949,O000125,P00349,6,401.55,18.85
I0001950,O000567,P00407,7,977.77,31.37
I0001951,O000525,P00480,1,694.07,25.12
I0001952,O000068,P00188,7,939.09,16.61
I0001953,O000643,P00166,7,136.55,15.53
I0001954,O000249,P00285,8,486.96,11.44
I0001955,O000977,P00379,4,1168.76,11.38
I0001956,O000028,P00021,5,1062.73,21.88
I0001957,O000202,P00078,8,1197.92,20.66
I0001958,O000550,P00396,3,969.3,20.82
I0001959,O000754,P00008,1,36.44,34.66
I0001960,O000034,P00091,2,1018.28,28.09
I0001961,O000531,P00304,5,681.67,11.65
I0001962,O000735,P00291,8,855.76,30.21
I0001963,O000291,P00386,8,324.35,30.24
I0001964,O000857,P00408,1,1161.68,15.5
I0001965,O000917,P00436,3,164.81,17.81
I0001966,O000648,P00396,5,433.53,23.34
I0001967,O000427,P00018,1,319.97,25.65
I0001968,O000494,P00173,7,262.84,20.21
I0001969,O000820,P00268,1,1074.41,9.44
I0001970,O000298,P00278,3,221.73,28.76
I0001971,O000797,P00131,3,712.57,9.34
I0001972,O000569,P00424,6,1096.84,32.88
I0001973,O000320,P00208,8,279.5,10.53
I0001974,O000523,P00299,3,375.6,19.37
I0001975,O000166,P00424,3,548.69,12.55
I0001976,O000198,P00429,4,734.68,2.29
I0001977,O000268,P00012,2,121.85,4.54
I0001978,O000172,P00326,1,386.8,5.71
I0001979,O000253,P00181,6,921.14,30.8
I0001980,O000086,P00259,-1,1069.41,34.09
I0001981,O000828,P00094,6,655.61,27.82
I0001982,O000413,P00440,8,96.58,34.5
I0001983,O000655,P00092,1,1184.1,23.91
I0001984,O000679,P00368,4,270.3,26.42
I0001985,O000220,P00378,2,754.05,0.69
I0001986,O000115,P00499,7,474.54,10.83
I0001987,O000234,P00470,6,580.76,24.4
I0001988,O000976,P00072,8,884.85,1.21
I0001989,O000445,P00059,1,732.78,0.76
I0001990,O000126,P00247,8,324.21,30.64
I0001991,O000075,P00301,2,1158.88,34.17
I0001992,O000841,P00411,1,452.03,32.37
I0001993,O000656,P00119,1,345.26,28.17
I0001994,O000165,P00352,6,500.71,22.7
I0001995,O000222,P00133,5,460.65,11.26
I0001996,O000405,P00403,8,1011.9,28.47
I0001997,O000122,P00250,2,773.2,17.75
I0001998,O000014,P00477,6,221.13,5.92
I0001999,O000546,P00452,3,872.61,31.11
I0002000,O000496,P00216,4,453.19,5.82
I0002001,O000625,P00056,8,1092.07,34.51
I0002002,O000727,P00097,2,424.76,22.56
I0002003,O000628,P00283,4,584.45,12.05
I0002004,O000077,P00354,3,138.76,6.6
I0002005,O000638,P00233,8,967.55,25.44
I0002006,O000067,P00498,2,1020.32,1.67
I0002007,O000536,P00284,7,1144.32,19.32
I0002008,O000356,P00299,5,982.51,17.18
I0002009,O000643,P00243,5,1027.71,33.73
I0002010,O000622,P00049,3,694.89,13.48
I0002011,O000781,P00114,1,572.32,10.26
I0002012,O000804,P00358,4,1184.45,29.97
I0002013,O000276,P00378,-2,1131.98,3.76
I0002014,O000471,P00066,2,800.02,15.65
I0002015,O000396,P00101,6,182.68,32.32
I0002016,O000196,P00023,7,320.81,11.1
I0002017,O000935,P00140,1,216.62,11.87
I0002018,O000263,P00102,1,151.73,16.19
I0002019,O000058,P00209,8,108.21,29.24
I0002020,O000366,P00318,3,1108.87,29.51
I0002021,O000528,P00454,7,220.29,27.56
I0002022,O000908,P00339,2,231.98,1.87
I0002023,O000567,P00010,5,763.3,34.09
I0002024,O000033,P00362,7,205.08,18.03
I0002025,O000022,P00038,1,878.75,20.88
I0002026,O000015,P00354,3,288.31,0.6
I0002027,O000322,P00157,6,407.81,22.8
I0002028,O000982,P00001,1,463.11,16.28
I0002029,O000858,P00055,7,917.87,23.71
I0002030,O000854,P00448,6,594.44,26.5
I0002031,O000608,P00400,7,247.9,27.93
I0002032,O000964,P00020,6,1116.0,11.62
I0002033,O000489,P00266,8,381.25,18.64
I0002034,O000315,P00197,4,616.8,7.56
I0002035,O000845,P00380,8,302.38,1.02
I0002036,O000330,P00050,8,323.33,28.09
I0002037,O000786,P00155,3,307.94,9.31
I0002038,O000755,P00158,7,965.79,30.79
I0002039,O000909,P00208,4,494.19,21.36
I0002040,O000695,P00410,2,554.83,2.19
I0002041,O000196,P00436,7,462.58,21.58
I0002042,O000138,P00352,2,1107.67,2.04
I0002043,O000668,P00130,3,521.03,7.82
I0002044,O000846,P00427,3,150.19,34.09
I0002045,O000191,P00062,3,630.83,29.71
I0002046,O000801,P00312,-3,616.39,12.24
I0002047,O000496,P00354,5,560.79,26.46
I0002048,O000372,P00235,1,952.01,33.28
I0002049,O000041,P00390,6,682.7,20.36
I0002050,O000442,P00187,1,98.22,20.91
I0002051,O000066,P00331,2,565.03,6.74
I0002052,O000584,P00398,7,1103.0,29.3
I0002053,O000390,P00406,5,851.04,5.27
I0002054,O000883,P00350,7,918.42,8.63
I0002055,O000126,P00378,7,1011.07,23.77
I0002056,O000789,P00040,5,28.06,23.3
I0002057,O000132,P00093,7,662.35,23.64
I0002058,O000478,P00379,4,1040.45,5.99
I0002059,O000207,P00442,1,294.66,4.56
I0002060,O000829,P00460,4,344.55,33.56
I0002061,O000657,P00448,6,264.04,9.07
I0002062,O000466,P00480,8,616.81,30.13
I0002063,O000156,P00189,8,120.55,33.42
I0002064,O000936,P00073,8,853.34,18.75
I0002065,O000493,P00258,4,712.58,8.22
I0002066,O000855,P00046,7,655.98,25.34
I0002067,O000414,P00421,4,301.58,19.34
I0002068,O000705,P00243,5,648.98,14.19
I0002069,O000348,P00310,6,405.11,29.96
I0002070,O000379,P00119,2,1025.76,11.25
I0002071,O000863,P00435,5,990.42,0.86
I0002072,O000001,P00450,2,525.42,3.5
I0002073,O000756,P00178,2,1121.87,5.45
I0002074,O000490,P00483,6,34.19,5.39
I0002075,O000044,P00397,1,1038.43,0.46
I0002076,O000698,P00279,8,952.91,3.49
I0002077,O000682,P00213,8,928.12,18.08
I0002078,O000652,P00409,5,201.6,11.12
I0002079,O000115,P00089,-3,739.02,11.88
I0002080,O000840,P00249,2,257.25,28.11
I0002081,O000284,P00173,1,370.88,25.37
I0002082,O000545,P00457,7,816.64,13.47
I0002083,O000702,P00083,2,294.17,27.28
I0002084,O000645,P00415,3,602.69,6.76
I0002085,O000207,P00148,8,195.08,30.22
I0002086,O000490,P00206,5,1104.17,28.84
I0002087,O000480,P00212,3,576.43,33.04
I0002088,O000353,P00134,5,852.04,13.72
I0002089,O000988,P00229,7,530.61,2.1
I0002090,O000992,P00285,5,1123.09,11.86
I0002091,O000566,P00322,7,229.67,24.44
I0002092,O000295,P00359,5,636.8,31.86
I0002093,O000888,P00167,7,638.84,7.35
I0002094,O000354,P00386,4,650.24,27.86
I0002095,O000242,P00361,7,751.49,31.75
I0002096,O000052,P00114,1,695.64,9.21
I0002097,O000710,P00352,5,893.7,31.87
I0002098,O000528,P00367,5,524.34,29.02
I0002099,O000710,P00344,2,967.33,15.81
I0002100,O000291,P00031,7,72.73,22.3
I0002101,O000550,P00179,4,472.4,32.75
I0002102,O000773,P00332,7,1093.25,22.22
I0002103,O000698,P00428,2,636.78,32.53
I0002104,O000552,P00009,6,1090.27,9.82
I0002105,O000284,P00492,1,964.37,3.82
I0002106,O000570,P00477,6,519.33,28.42
I0002107,O000894,P00151,3,496.69,14.65
I0002108,O000644,P00165,2,232.4,11.37
I0002109,O000834,P00084,4,70.35,4.78
I0002110,O000467,P00297,5,289.52,17.41
I0002111,O000136,P00230,1,524.36,25.31
I0002112,O000131,P00240,-3,666.52,19.18
I0002113,O000940,P00061,8,919.67,27.89
I0002114,O000618,P00189,5,151.43,10.68
I0002115,O000337,P00053,1,673.89,31.34
I0002116,O000079,P00357,5,289.18,9.12
I0002117,O000844,P00434,5,798.43,30.44
I0002118,O000868,P00010,6,882.36,18.13
I0002119,O000150,P00189,1,928.77,21.1
I0002120,O000165,P00207,7,579.63,9.01
I0002121,O000523,P00380,7,207.28,33.16
I0002122,O000993,P00213,5,77.62,34.06
I0002123,O000583,P00387,5,160.8,22.67
I0002124,O000587,P00046,8,62.57,32.89
I0002125,O000705,P00032,2,941.31,18.81
I0002126,O000413,P00245,3,788.9,2.17
I0002127,O000737,P00394,1,1113.41,25.62
I0002128,O000458,P00115,6,1009.7,14.72
I0002129,O000982,P00462,6,487.64,32.99
I0002130,O000242,P00485,3,46.73,28.06
I0002131,O000096,P00173,8,1130.4,6.01
I0002132,O000943,P00266,5,77.04,7.3
I0002133,O000335,P00080,6,567.37,26.93
I0002134,O000862,P00053,7,965.89,8.59
I0002135,O000967,P00013,4,1107.98,34.12
I0002136,O000569,P00443,8,473.92,14.8
I0002137,O000543,P00404,2,60.51,10.25
I0002138,O000294,P00270,2,570.24,7.28
I0002139,O000122,P00446,3,100.72,26.21
I0002140,O000511,P00145,7,964.05,12.39
I0002141,O000370,P00091,8,819.19,31.45
I0002142,O000823,P00409,6,778.73,21.02
I0002143,O000163,P00199,1,126.3,32.56
I0002144,O000325,P00306,1,388.67,11.47
I0002145,O000903,P00184,-1,444.78,14.15
I0002146,O000427,P00122,7,438.58,27.13
I0002147,O000742,P00023,6,606.18,22.95
I0002148,O000538,P00108,3,1097.49,17.7
I0002149,O000288,P00186,2,948.66,27.43
I0002150,O000799,P00168,8,175.1,32.24
I0002151,O000693,P00240,3,825.7,22.89
I0002152,O000999,P00500,6,582.87,19.28
I0002153,O000535,P00415,4,1157.36,3.86
I0002154,O000200,P00342,6,756.05,22.91
I0002155,O000642,P00354,4,66.14,28.22
I0002156,O000400,P00091,4,909.53,32.98
I0002157,O000344,P00088,5,896.32,26.68
I0002158,O000651,P00042,8,751.5,25.26
I0002159,O000696,P00198,7,217.67,21.83
I0002160,O000892,P00286,6,318.04,33.59
I0002161,O000794,P00477,6,622.4,20.38
I0002162,O000529,P00228,1,910.31,24.47
I0002163,O000817,P00019,1,601.49,10.39
I0002164,O000864,P00124,3,374.18,19.59
I0002165,O000650,P00494,3,1061.31,3.48
I0002166,O000110,P00123,6,358.67,9.83
I0002167,O000879,P00180,6,641.03,26.72
I0002168,O000377,P00382,7,341.03,25.48
I0002169,O000491,P00368,8,843.99,18.51
I0002170,O000638,P00459,2,1106.49,30.97
I0002171,O000405,P00193,8,337.79,12.93
I0002172,O000319,P00254,6,344.85,3.09
I0002173,O000360,P00053,7,870.27,22.08
I0002174,O000037,P00414,1,622.34,7.03
I0002175,O000845,P00220,5,762.46,14.61
I0002176,O000662,P00162,3,788.47,5.58
I0002177,O000695,P00129,1,510.07,12.38
I0002178,O000973,P00023,-2,895.39,16.97
I0002179,O000025,P00491,4,711.54,12.77
I0002180,O000698,P00352,6,751.13,32.49
I0002181,O000454,P00404,3,60.64,3.27
I0002182,O000246,P00008,3,39.61,3.0
I0002183,O000759,P00324,5,714.31,10.51
I0002184,O000051,P00473,1,977.06,1.18
I0002185,O000123,P00135,2,538.92,6.71
I0002186,O000584,P00407,7,113.17,26.37
I0002187,O000940,P00124,1,843.38,4.54
I0002188,O000221,P00038,8,825.8,2.75
I0002189,O000769,P00257,7,1070.32,23.95
I0002190,O000437,P00424,5,836.09,24.3
I0002191,O000925,P00315,7,499.64,21.1
I0002192,O000123,P00061,1,1047.72,1.99
I0002193,O000485,P00023,5,109.3,22.33
I0002194,O000562,P00348,5,644.22,34.63
I0002195,O000822,P00170,5,452.16,10.62
I0002196,O000435,P00223,6,561.6,15.85
I0002197,O000013,P00350,1,854.57,32.22
I0002198,O000762,P00479,3,875.91,6.92
I0002199,O000096,P00397,8,718.48,16.89
I0002200,O000541,P00270,7,392.93,33.37
I0002201,O000244,P00046,7,558.99,18.13
I0002202,O000713,P00217,2,1115.98,9.38
I0002203,O000804,P00246,1,572.67,34.43
I0002204,O000701,P00426,8,1036.99,27.11
I0002205,O000455,P00381,5,902.72,23.64
I0002206,O000362,P00462,8,456.7,27.23
I0002207,O000664,P00329,3,639.24,0.26
I0002208,O000734,P00062,3,1015.7,21.73
I0002209,O000038,P00127,8,803.21,0.45
I0002210,O000767,P00124,1,96.75,17.57
I0002211,O000892,P00245,-3,85.2,31.19
I0002212,O000222,P00337,8,367.62,11.07
I0002213,O000373,P00318,2,235.97,22.97
I0002214,O000075,P00155,6,748.79,30.17
I0002215,O000085,P00299,4,366.54,20.12
I0002216,O000252,P00189,2,391.08,33.22
I0002217,O000646,P00049,8,672.92,19.49
I0002218,O000793,P00174,1,492.18,21.28
I0002219,O000423,P00489,2,822.19,18.67
I0002220,O000064,P00237,6,460.77,26.92
I0002221,O000578,P00483,6,30.1,16.49
I0002222,O000145,P00141,2,494.65,10.77
I0002223,O000940,P00074,7,1062.9,8.66
I0002224,O000621,P00304,3,690.41,4.9
I0002225,O000463,P00356,3,632.02,25.33
I0002226,O000621,P00113,1,973.5,25.6
I0002227,O000892,P00010,7,59.51,25.12
I0002228,O000508,P00080,3,797.87,0.03
I0002229,O000092,P00075,2,1022.8,5.29
I0002230,O000090,P00241,6,292.83,24.44
I0002231,O000176,P00331,6,118.5,0.93
I0002232,O000122,P00297,3,201.32,7.28
I0002233,O000440,P00201,2,250.64,29.84
I0002234,O000659,P00321,4,410.61,9.94
I0002235,O000792,P00442,7,1103.32,0.64
I0002236,O000370,P00229,6,437.18,3.59
I0002237,O000362,P00301,5,698.82,24.98
I0002238,O000096,P00238,4,255.5,26.67
I0002239,O000961,P00171,2,66.31,0.14
I0002240,O000673,P00202,6,966.1,15.41
I0002241,O000363,P00231,3,321.33,31.35
I0002242,O000530,P00009,1,209.62,10.12
I0002243,O000284,P00321,8,625.36,26.34
I0002244,O000277,P00458,-3,505.74,29.66
I0002245,O000621,P00371,6,364.92,18.29
I0002246,O000864,P00339,5,28.75,27.53
I0002247,O000291,P00349,3,782.42,22.1
I0002248,O000575,P00459,3,1163.15,7.9
I0002249,O000536,P00349,6,456.35,3.68
I0002250,O000223,P00113,5,515.94,3.93
I0002251,O000114,P00355,4,786.59,8.97
I0002252,O000099,P00390,8,312.47,21.68
I0002253,O000847,P00250,2,1034.44,11.81
I0002254,O000905,P00347,4,903.96,19.16
I0002255,O000146,P00314,7,942.52,26.53
I0002256,O000569,P00474,7,241.23,21.07
I0002257,O000220,P00435,1,166.12,25.47
I0002258,O000198,P00282,2,737.71,3.82
I0002259,O000233,P00432,1,919.65,25.57
I0002260,O000675,P00097,8,136.65,22.85
I0002261,O000331,P00435,6,1035.61,21.07
I0002262,O000502,P00189,5,505.33,28.57
I0002263,O000872,P00339,2,128.79,28.94
I0002264,O000126,P00201,4,798.19,14.17
I0002265,O000654,P00388,1,28.05,8.59
I0002266,O000642,P00076,1,126.07,11.04
I0002267,O000561,P00446,6,628.36,11.25
I0002268,O000200,P00321,4,184.92,21.03
I0002269,O000038,P00011,3,195.69,12.8
I0002270,O000229,P00256,7,45.3,1.71
I0002271,O000160,P00356,5,316.88,6.73
I0002272,O000324,P00188,8,551.56,3.85
I0002273,O000624,P00130,7,230.35,6.22
I0002274,O000945,P00498,8,100.03,11.23
I0002275,O000484,P00478,1,580.05,19.63
I0002276,O000750,P00352,1,360.05,19.48
I0002277,O000022,P00179,-1,830.01,3.44
I0002278,O000248,P00426,6,1107.11,26.39
I0002279,O000362,P00411,8,845.65,9.38
I0002280,O000711,P00213,3,512.74,10.02
I0002281,O000276,P00294,4,644.6,4.7
I0002282,O000018,P00055,2,362.52,33.64
I0002283,O000584,P00172,1,962.03,34.01
I0002284,O000540,P00261,4,733.3,22.37
I0002285,O000680,P00192,3,999.8,6.93
I0002286,O000751,P00326,8,934.41,30.2
I0002287,O000509,P00197,8,112.44,26.66
I0002288,O000794,P00058,4,309.79,17.07
I0002289,O000308,P00466,5,825.03,23.48
I0002290,O000391,P00239,6,91.59,11.6
I0002291,O000763,P00362,4,849.77,15.48
I0002292,O000951,P00043,1,681.76,3.97
I0002293,O000392,P00323,1,956.12,6.38
I0002294,O000550,P00416,2,226.92,22.94
I0002295,O000991,P00446,2,1020.71,7.62
I0002296,O000184,P00423,1,689.96,24.27
I0002297,O000853,P00312,8,552.52,24.18
I0002298,O000836,P00241,5,953.66,5.42
I0002299,O000091,P00361,5,645.86,32.64
I0002300,O000344,P00361,7,519.5,28.86
I0002301,O000324,P00204,8,360.2,29.73
I0002302,O000790,P00447,5,522.85,12.62
I0002303,O000799,P00009,8,952.62,21.67
I0002304,O000005,P00180,7,673.84,27.28
I0002305,O000965,P00142,8,832.47,26.39
I0002306,O000415,P00238,4,474.13,26.31
I0002307,O000356,P00080,5,1152.02,15.72
I0002308,O000274,P00104,7,837.23,6.24
I0002309,O000513,P00488,7,166.84,0.97
I0002310,O000579,P00237,-3,1157.29,20.54
I0002311,O000646,P00162,5,927.46,18.8
I0002312,O000353,P00164,8,1055.14,12.3
I0002313,O000255,P00419,2,1182.33,11.88
I0002314,O000476,P00175,4,144.03,0.59
I0002315,O000584,P00338,3,182.48,21.27
I0002316,O000304,P00383,6,321.15,18.89
I0002317,O000107,P00350,8,516.01,28.58
I0002318,O000571,P00418,7,251.59,3.78
I0002319,O000834,P00113,8,918.1,22.18
I0002320,O000206,P00035,6,565.76,2.42
I0002321,O000152,P00302,4,372.37,23.95
I0002322,O000554,P00027,6,121.33,0.34
I0002323,O000579,P00355,4,147.9,26.12
I0002324,O000850,P00392,6,580.33,9.7
I0002325,O000786,P00274,7,521.38,32.25
I0002326,O000525,P00069,5,695.12,22.59
I0002327,O000413,P00062,4,200.45,29.66
I0002328,O000007,P00217,8,985.54,15.98
I0002329,O000487,P00355,3,1118.74,19.97
I0002330,O000217,P00404,8,858.49,7.07
I0002331,O000645,P00210,2,22.66,21.66
I0002332,O000863,P00441,1,1137.2,6.27
I0002333,O000548,P00434,3,1178.48,1.17
I0002334,O000875,P00230,8,914.11,0.77
I0002335,O000801,P00177,7,589.67,6.63
I0002336,O000748,P00301,1,382.36,32.99
I0002337,O000811,P00060,7,808.18,0.81
I0002338,O000372,P00484,8,878.93,4.47
I0002339,O000583,P00123,1,39.81,27.14
I0002340,O000683,P00328,1,659.91,25.09
I0002341,O000294,P00114,5,626.92,24.99
I0002342,O000009,P00442,8,1141.0,16.89
I0002343,O000948,P00128,-3,903.32,29.14
I0002344,O000431,P00318,1,714.38,22.85
I0002345,O000128,P00262,7,884.01,7.39
I0002346,O000658,P00484,6,351.68,32.33
I0002347,O000251,P00125,3,959.04,5.71
I0002348,O000823,P00353,2,712.49,18.66
I0002349,O000536,P00008,5,442.91,34.79
I0002350,O000665,P00198,8,560.66,28.49
I0002351,O000051,P00391,5,1111.97,18.45
I0002352,O000751,P00324,6,656.94,28.35
I0002353,O000065,P00086,2,1117.9,8.88
I0002354,O000614,P00145,7,992.22,9.82
I0002355,O000875,P00202,2,20.51,2.57
I0002356,O000253,P00051,3,351.82,16.75
I0002357,O000694,P00126,4,93.15,21.37
I0002358,O000468,P00244,7,852.57,23.17
I0002359,O000092,P00205,1,882.75,21.0
I0002360,O000555,P00129,3,101.13,1.81
I0002361,O000099,P00169,6,291.01,11.11
I0002362,O000709,P00473,5,61.93,3.15
I0002363,O000001,P00387,1,157.31,2.71
I0002364,O000027,P00478,8,364.03,3.86
I0002365,O000145,P00176,5,181.15,5.63
I0002366,O000629,P00398,4,1101.51,22.02
I0002367,O000240,P00052,8,405.76,22.6
I0002368,O000161,P00110,4,570.21,7.74
I0002369,O000981,P00179,8,735.93,20.38
I0002370,O000535,P00322,3,1079.84,24.4
I0002371,O000593,P00161,5,767.69,8.81
I0002372,O000736,P00471,5,773.46,14.51
I0002373,O000014,P00489,8,485.69,25.88
I0002374,O000572,P00317,1,809.39,10.46
I0002375,O000180,P00098,5,262.72,19.98
I0002376,O000341,P00335,-1,893.31,10.71
I0002377,O000191,P00369,7,508.05,28.08
I0002378,O000831,P00446,2,166.55,26.9
I0002379,O000405,P00404,4,295.61,4.62
I0002380,O000513,P00327,3,175.02,3.15
I0002381,O000132,P00216,2,255.78,19.14
I0002382,O000086,P00119,4,1094.94,8.19
I0002383,O000298,P00355,2,104.89,34.14
I0002384,O000767,P00390,8,326.26,8.49
I0002385,O000891,P00260,5,806.22,13.08
I0002386,O000162,P00109,1,794.36,32.81
I0002387,O000245,P00306,3,817.18,12.33
I0002388,O000273,P00296,2,290.34,30.58
I0002389,O000711,P00188,2,531.91,28.76
I0002390,O000586,P00069,7,120.53,22.54
I0002391,O000136,P00232,1,1075.13,26.3
I0002392,O000518,P00422,6,897.08,22.17
I0002393,O000250,P00036,7,830.15,14.16
I0002394,O000362,P00152,2,344.5,34.12
I0002395,O000128,P00302,6,684.13,4.6
I0002396,O000183,P00441,5,308.4,19.01
I0002397,O000628,P00140,8,59.12,28.49
I0002398,O000639,P00278,5,20.9,21.65
I0002399,O000622,P00089,2,263.61,5.01
I0002400,O000744,P00132,3,643.42,14.99
I0002401,O000050,P00489,3,199.38,4.97
I0002402,O000855,P00123,3,380.64,6.92
I0002403,O000383,P00013,5,181.65,29.51
I0002404,O000304,P00436,4,456.38,30.37
I0002405,O000827,P00133,6,922.03,10.65
I0002406,O000881,P00107,1,293.2,22.32
I0002407,O000904,P00318,7,602.38,3.05
I0002408,O000961,P00405,4,797.54,13.91
I0002409,O000333,P00493,-3,171.31,34.25
I0002410,O000857,P00203,1,20.78,6.93
I0002411,O000557,P00037,3,322.86,8.72
I0002412,O000166,P00382,6,1173.67,30.18
I0002413,O000383,P00339,1,1131.89,7.99
I0002414,O000938,P00374,6,1123.09,24.82
I0002415,O000792,P00151,6,132.56,23.58
I0002416,O000401,P00142,4,218.7,8.84
I0002417,O000519,P00132,6,497.38,18.16
I0002418,O000731,P00379,4,318.35,17.52
I0002419,O000990,P00261,4,504.3,17.18
I0002420,O000725,P00435,3,135.47,6.7
I0002421,O000725,P00226,7,973.18,19.3
I0002422,O000027,P00321,2,665.91,5.15
I0002423,O000808,P00237,5,972.71,10.47
I0002424,O000618,P00467,5,765.38,6.19
I0002425,O000681,P00166,1,955.43,24.99
I0002426,O000363,P00448,4,607.56,31.91
I0002427,O000960,P00291,4,351.41,20.26
I0002428,O000736,P00265,4,161.71,33.86
I0002429,O000206,P00201,4,184.56,8.41
I0002430,O000527,P00411,5,755.32,12.86
I0002431,O000025,P00070,6,798.22,33.03
I0002432,O000166,P00486,1,755.16,26.33
I0002433,O000476,P00109,5,306.08,26.36
I0002434,O000746,P00116,3,727.12,27.1
I0002435,O000078,P00216,6,1000.39,24.64
I0002436,O000424,P00424,8,699.8,32.5
I0002437,O000827,P00397,7,1196.77,29.0
I0002438,O000673,P00313,3,995.38,9.93
I0002439,O000240,P00119,1,1127.77,4.45
I0002440,O000723,P00244,5,481.99,21.0
I0002441,O000120,P00050,1,1066.21,20.82
I0002442,O000998,P00362,-2,414.64,3.55
I0002443,O000415,P00216,1,1016.31,7.86
I0002444,O000658,P00007,5,537.36,34.95
I0002445,O000778,P00120,3,357.32,34.98
I0002446,O000324,P00387,1,1193.86,31.08
I0002447,O000950,P00070,4,1078.51,8.06
I0002448,O000791,P00494,4,880.85,24.27
I0002449,O000379,P00242,3,927.47,33.22
I0002450,O000586,P00220,7,882.86,25.81
I0002451,O000514,P00389,6,407.2,1.48
I0002452,O000983,P00339,2,1065.71,2.4
I0002453,O000973,P00208,7,474.59,9.64
I0002454,O000397,P00404,4,650.95,22.66
I0002455,O000696,P00426,3,99.22,3.69
I0002456,O000673,P00422,1,22.31,13.69
I0002457,O000514,P00005,2,762.16,26.13
I0002458,O000756,P00445,2,210.36,22.38
I0002459,O000837,P00329,2,61.28,1.31
I0002460,O000336,P00039,1,713.54,7.82
I0002461,O000125,P00252,8,45.86,13.73
I0002462,O000035,P00386,8,984.13,28.16
I0002463,O000625,P00149,7,1199.46,25.95
I0002464,O000426,P00423,1,662.34,6.13
I0002465,O000705,P00447,4,1106.82,16.18
I0002466,O000298,P00297,2,341.78,2.39
I0002467,O000848,P00286,6,831.97,4.83
I0002468,O000797,P00397,1,283.92,4.43
I0002469,O000402,P00484,3,866.63,24.71
I0002470,O000080,P00447,5,455.98,1.87
I0002471,O000515,P00206,1,427.71,3.64
I0002472,O000183,P00312,2,696.55,5.34
I0002473,O000336,P00431,1,536.5,29.93
I0002474,O000893,P00438,4,212.14,23.48
I0002475,O000371,P00478,-3,66.83,2.73
I0002476,O000643,P00208,2,475.34,32.84
I0002477,O000415,P00139,5,465.22,29.51
I0002478,O000769,P00374,4,1035.73,26.59
I0002479,O000662,P00218,4,396.03,13.87
I0002480,O000094,P00364,3,180.86,5.71
I0002481,O000427,P00127,6,980.39,29.76
I0002482,O000548,P00143,1,447.41,19.77
I0002483,O000773,P00402,6,933.84,3.14
I0002484,O000298,P00353,6,1116.21,17.57
I0002485,O000542,P00223,4,1151.37,3.49
I0002486,O000324,P00293,7,874.21,15.15
I0002487,O000933,P00037,4,1190.96,15.27
I0002488,O000389,P00186,7,188.95,14.64
I0002489,O000199,P00199,3,915.19,13.2
I0002490,O000912,P00040,8,165.0,32.67
I0002491,O000547,P00214,1,991.24,18.2
I0002492,O000880,P00328,6,894.81,7.76
I0002493,O000689,P00160,4,487.77,22.67
I0002494,O000251,P00161,5,426.86,17.12
I0002495,O000112,P00420,7,168.96,31.35
I0002496,O000943,P00031,7,823.0,29.35
I0002497,O000405,P00316,1,862.77,20.26
I0002498,O000438,P00184,1,682.47,34.58
I0002499,O000343,P00428,6,812.82,11.77
I0002500,O000749,P00052,3,1174.43,26.79
